Date,"Temp-Water(C)","Depth(ft)"
2016-01-27T12:30:00-08:00,8.170000000000002,-0.08858267716535433,
2016-01-27T12:30:00-08:00,8.229999999999999,-0.11482939632545931,
2016-01-27T12:30:00-08:00,7.809999999999999,15.252624671916008,
2016-01-27T12:30:00-08:00,7.699999999999999,33.31036745406824,
2016-01-27T12:30:00-08:00,7.679999999999999,50.666010498687655,
2016-01-27T12:30:00-08:00,7.659999999999998,61.66994750656168,
2016-01-27T12:30:00-08:00,7.4799999999999995,76.61417322834644,
2016-01-27T12:30:00-08:00,7.430000000000001,85.89238845144357,
2016-01-27T12:30:00-08:00,7.279999999999999,104.96391076115484,
2016-01-27T12:30:00-08:00,7.010000000000002,122.40813648293963,
2016-01-27T12:30:00-08:00,6.87,136.6240157480315,
2016-01-27T12:30:00-08:00,6.739999999999998,152.58858267716533,
2016-01-27T12:30:00-08:00,6.6499999999999995,167.06364829396324,
2016-01-27T12:30:00-08:00,6.510000000000002,181.6043307086614,
2016-01-27T12:30:00-08:00,6.409999999999998,193.11023622047242,
2016-01-27T12:30:00-08:00,6.219999999999999,210.17060367454067,
2016-01-27T12:30:00-08:00,6.119999999999999,218.42191601049868,
2016-01-27T12:30:00-08:00,6.119999999999999,218.66797900262466,
2016-01-27T12:30:00-08:00,6.3900000000000015,190.9547244094488,
2016-01-27T12:30:00-08:00,6.680000000000001,158.89107611548553,
2016-01-27T12:30:00-08:00,6.97,124.70144356955379,
2016-01-27T12:30:00-08:00,7.41,86.53871391076115,
2016-01-27T12:30:00-08:00,7.669999999999998,54.06824146981627,
2016-01-27T12:30:00-08:00,7.720000000000001,33.51049868766404,
2016-01-27T12:30:00-08:00,7.969999999999999,-0.08858267716535433,
2016-02-11T12:42:00-08:00,8.790000000000001,0.006561679790026246,
2016-02-11T12:42:00-08:00,8.75,0.01968503937007874,
2016-02-11T12:42:00-08:00,8.990000000000002,-0.03608923884514435,
2016-02-11T12:42:00-08:00,8.42,4.409448818897638,
2016-02-11T12:42:00-08:00,7.83,20.42322834645669,
2016-02-11T12:42:00-08:00,7.640000000000002,35.86286089238845,
2016-02-11T12:42:00-08:00,7.530000000000001,49.370078740157474,
2016-02-11T12:42:00-08:00,7.17,64.10761154855642,
2016-02-11T12:42:00-08:00,7.030000000000002,78.98293963254594,
2016-02-11T12:42:00-08:00,7.010000000000002,94.04527559055117,
2016-02-11T12:42:00-08:00,6.939999999999999,108.99934383202098,
2016-02-11T12:42:00-08:00,6.839999999999999,122.51968503937007,
2016-02-11T12:42:00-08:00,6.719999999999998,138.31036745406823,
2016-02-11T12:42:00-08:00,6.690000000000001,153.08727034120733,
2016-02-11T12:42:00-08:00,6.66,168.12664041994748,
2016-02-11T12:42:00-08:00,6.580000000000001,180.8858267716535,
2016-02-11T12:42:00-08:00,6.46,191.9258530183727,
2016-02-11T12:42:00-08:00,6.380000000000001,204.68832020997374,
2016-02-11T12:42:00-08:00,6.2700000000000005,220.2821522309711,
2016-02-11T12:42:00-08:00,6.190000000000001,235.49212598425197,
2016-02-11T12:42:00-08:00,6.1800000000000015,249.37007874015745,
2016-02-11T12:42:00-08:00,6.209999999999998,234.44225721784773,
2016-02-11T12:42:00-08:00,6.260000000000001,217.91338582677164,
2016-02-11T12:42:00-08:00,6.539999999999999,181.4107611548556,
2016-02-11T12:42:00-08:00,6.719999999999998,144.71456692913384,
2016-02-11T12:42:00-08:00,6.98,94.77362204724409,
2016-02-11T12:42:00-08:00,7.469999999999999,46.870078740157474,
2016-02-11T12:42:00-08:00,8.440000000000001,-0.022965879265091863,
2016-03-23T11:38:00-08:00,9.07,0.003280839895013123,
2016-03-23T11:38:00-08:00,9.09,0.00984251968503937,
2016-03-23T11:38:00-08:00,8.209999999999999,12.939632545931756,
2016-03-23T11:38:00-08:00,7.6000000000000005,31.81758530183727,
2016-03-23T11:38:00-08:00,7.210000000000002,50.91207349081365,
2016-03-23T11:38:00-08:00,7.030000000000002,68.54658792650918,
2016-03-23T11:38:00-08:00,6.939999999999999,85.78083989501312,
2016-03-23T11:38:00-08:00,6.890000000000001,105.44947506561678,
2016-03-23T11:38:00-08:00,6.800000000000001,127.38845144356955,
2016-03-23T11:38:00-08:00,6.710000000000002,151.8569553805774,
2016-03-23T11:38:00-08:00,6.57,171.33530183727032,
2016-03-23T11:38:00-08:00,6.429999999999999,196.15485564304458,
2016-03-23T11:38:00-08:00,6.370000000000001,217.1587926509186,
2016-03-23T11:38:00-08:00,6.35,241.53543307086613,
2016-03-23T11:38:00-08:00,6.34,263.2020997375328,
2016-03-23T11:38:00-08:00,6.34,283.73687664041995,
2016-03-23T11:38:00-08:00,6.34,298.56627296587925,
2016-03-23T11:38:00-08:00,6.34,318.64173228346453,
2016-03-23T11:38:00-08:00,6.34,318.6286089238845,
2016-03-23T11:38:00-08:00,6.34,272.4212598425197,
2016-03-23T11:38:00-08:00,6.35,235.11154855643045,
2016-03-23T11:38:00-08:00,6.409999999999998,203.06102362204723,
2016-03-23T11:38:00-08:00,6.629999999999999,156.15157480314957,
2016-03-23T11:38:00-08:00,6.820000000000002,115.33792650918635,
2016-03-23T11:38:00-08:00,6.99,81.12532808398949,
2016-03-23T11:38:00-08:00,7.6000000000000005,31.78149606299212,
2016-03-23T11:38:00-08:00,9.190000000000001,0.43307086614173224,
2016-04-12T12:11:00-08:00,14.200000000000001,-0.16404199475065617,
2016-04-12T12:11:00-08:00,14.200000000000001,-0.14107611548556429,
2016-04-12T12:11:00-08:00,14.24,-0.01968503937007874,
2016-04-12T12:11:00-08:00,10.07,21.286089238845143,
2016-04-12T12:11:00-08:00,8.41,48.467847769028864,
2016-04-12T12:11:00-08:00,7.389999999999999,73.71062992125984,
2016-04-12T12:11:00-08:00,7.09,96.51574803149605,
2016-04-12T12:11:00-08:00,6.949999999999999,120.34120734908134,
2016-04-12T12:11:00-08:00,6.859999999999999,142.39829396325456,
2016-04-12T12:11:00-08:00,6.78,164.69816272965878,
2016-04-12T12:11:00-08:00,6.67,186.15157480314957,
2016-04-12T12:11:00-08:00,6.580000000000001,207.5360892388451,
2016-04-12T12:11:00-08:00,6.5299999999999985,230.03280839895012,
2016-04-12T12:11:00-08:00,6.449999999999999,251.36811023622047,
2016-04-12T12:11:00-08:00,6.419999999999998,272.02427821522303,
2016-04-12T12:11:00-08:00,6.400000000000002,292.01443569553805,
2016-04-12T12:11:00-08:00,6.3900000000000015,312.1292650918635,
2016-04-12T12:11:00-08:00,6.409999999999998,285.9055118110236,
2016-04-12T12:11:00-08:00,6.48,243.11679790026244,
2016-04-12T12:11:00-08:00,6.600000000000001,200.71194225721783,
2016-04-12T12:11:00-08:00,6.77,164.7047244094488,
2016-04-12T12:11:00-08:00,6.910000000000001,126.08923884514435,
2016-04-12T12:11:00-08:00,7.120000000000001,88.41535433070865,
2016-04-12T12:11:00-08:00,8.489999999999998,40.6758530183727,
2016-04-12T12:11:00-08:00,13.53,3.661417322834646,
2016-05-04T10:51:00-08:00,14.469999999999999,0.0426509186351706,
2016-05-04T10:51:00-08:00,14.459999999999999,0.03280839895013123,
2016-05-04T10:51:00-08:00,14.459999999999999,8.192257217847768,
2016-05-04T10:51:00-08:00,14.429999999999998,20.21325459317585,
2016-05-04T10:51:00-08:00,12.29,33.94028871391076,
2016-05-04T10:51:00-08:00,10.860000000000001,44.79330708661417,
2016-05-04T10:51:00-08:00,9.51,57.16863517060367,
2016-05-04T10:51:00-08:00,8.46,69.46522309711285,
2016-05-04T10:51:00-08:00,7.679999999999999,81.38123359580051,
2016-05-04T10:51:00-08:00,7.340000000000002,93.56299212598424,
2016-05-04T10:51:00-08:00,7.190000000000001,106.05971128608923,
2016-05-04T10:51:00-08:00,7.059999999999999,116.88976377952754,
2016-05-04T10:51:00-08:00,6.99,127.36220472440944,
2016-05-04T10:51:00-08:00,6.900000000000001,139.3799212598425,
2016-05-04T10:51:00-08:00,6.890000000000001,150.03608923884514,
2016-05-04T10:51:00-08:00,6.810000000000001,161.2303149606299,
2016-05-04T10:51:00-08:00,6.739999999999998,172.8543307086614,
2016-05-04T10:51:00-08:00,6.719999999999998,184.46522309711284,
2016-05-04T10:51:00-08:00,6.619999999999998,195.05249343832017,
2016-05-04T10:51:00-08:00,6.610000000000002,204.89501312335955,
2016-05-04T10:51:00-08:00,6.580000000000001,213.87467191601044,
2016-05-04T10:51:00-08:00,6.56,223.8024934383202,
2016-05-04T10:51:00-08:00,6.539999999999999,237.36548556430444,
2016-05-04T10:51:00-08:00,6.510000000000002,249.13385826771653,
2016-05-04T10:51:00-08:00,6.500000000000002,262.1128608923884,
2016-05-04T10:51:00-08:00,6.500000000000002,273.4055118110236,
2016-05-04T10:51:00-08:00,6.470000000000001,286.19750656167975,
2016-05-04T10:51:00-08:00,6.470000000000001,296.95866141732284,
2016-05-04T10:51:00-08:00,6.46,312.5492125984252,
2016-05-04T10:51:00-08:00,6.46,318.83858267716533,
2016-05-04T10:51:00-08:00,6.470000000000001,284.37335958005247,
2016-05-04T10:51:00-08:00,6.510000000000002,246.02034120734905,
2016-05-04T10:51:00-08:00,6.580000000000001,206.87007874015745,
2016-05-04T10:51:00-08:00,6.839999999999999,156.0498687664042,
2016-05-04T10:51:00-08:00,7.09,117.9822834645669,
2016-05-04T10:51:00-08:00,7.779999999999998,76.49606299212597,
2016-05-04T10:51:00-08:00,10.379999999999999,45.13451443569553,
2016-05-04T10:51:00-08:00,14.420000000000003,19.50787401574803,
2016-06-02T10:46:00-08:00,20.739999999999995,0.11811023622047243,
2016-06-02T10:46:00-08:00,20.060000000000002,7.135826771653542,
2016-06-02T10:46:00-08:00,17.819999999999997,16.994750656167977,
2016-06-02T10:46:00-08:00,15.279999999999998,26.017060367454064,
2016-06-02T10:46:00-08:00,13.42,33.9009186351706,
2016-06-02T10:46:00-08:00,11.85,42.24081364829396,
2016-06-02T10:46:00-08:00,11.209999999999999,51.302493438320205,
2016-06-02T10:46:00-08:00,10.729999999999999,58.29396325459317,
2016-06-02T10:46:00-08:00,10.350000000000001,65.1017060367454,
2016-06-02T10:46:00-08:00,9.66,72.80839895013122,
2016-06-02T10:46:00-08:00,8.890000000000002,84.2257217847769,
2016-06-02T10:46:00-08:00,8.380000000000003,93.82545931758528,
2016-06-02T10:46:00-08:00,8.030000000000001,104.77362204724407,
2016-06-02T10:46:00-08:00,7.720000000000001,112.15223097112859,
2016-06-02T10:46:00-08:00,7.510000000000001,122.33267716535431,
2016-06-02T10:46:00-08:00,7.3100000000000005,139.0813648293963,
2016-06-02T10:46:00-08:00,7.1499999999999995,155.28871391076115,
2016-06-02T10:46:00-08:00,7.030000000000002,171.01049868766404,
2016-06-02T10:46:00-08:00,6.929999999999998,187.09645669291336,
2016-06-02T10:46:00-08:00,6.839999999999999,201.41404199475062,
2016-06-02T10:46:00-08:00,6.77,216.7847769028871,
2016-06-02T10:46:00-08:00,6.680000000000001,235.44291338582676,
2016-06-02T10:46:00-08:00,6.639999999999999,250.01312335958,
2016-06-02T10:46:00-08:00,6.619999999999998,265.50196850393695,
2016-06-02T10:46:00-08:00,6.610000000000002,284.30774278215216,
2016-06-02T10:46:00-08:00,6.580000000000001,297.9297900262467,
2016-06-02T10:46:00-08:00,6.580000000000001,311.4566929133858,
2016-06-02T10:46:00-08:00,6.580000000000001,323.1003937007873,
2016-06-02T10:46:00-08:00,6.580000000000001,309.0485564304461,
2016-06-02T10:46:00-08:00,6.629999999999999,263.3005249343832,
2016-06-02T10:46:00-08:00,6.749999999999999,219.86220472440942,
2016-06-02T10:46:00-08:00,6.900000000000001,183.30052493438316,
2016-06-02T10:46:00-08:00,7.259999999999999,138.4842519685039,
2016-06-02T10:46:00-08:00,8.280000000000001,93.57283464566929,
2016-06-02T10:46:00-08:00,10.22,63.48097112860892,
2016-06-02T10:46:00-08:00,12.520000000000001,35.86942257217847,
2016-06-02T10:46:00-08:00,19.719999999999995,9.422572178477688,
2016-07-19T10:31:00-08:00,22.419999999999998,0.21981627296587924,
2016-07-19T10:31:00-08:00,22.219999999999995,10.068897637795274,
2016-07-19T10:31:00-08:00,21.960000000000004,20.006561679790025,
2016-07-19T10:31:00-08:00,20.89,25.318241469816268,
2016-07-19T10:31:00-08:00,20.44,30.019685039370078,
2016-07-19T10:31:00-08:00,19.529999999999998,35.06561679790026,
2016-07-19T10:31:00-08:00,17.780000000000005,39.93766404199474,
2016-07-19T10:31:00-08:00,16.209999999999997,45.01312335958005,
2016-07-19T10:31:00-08:00,14.67,49.990157480314956,
2016-07-19T10:31:00-08:00,13.360000000000001,54.96391076115485,
2016-07-19T10:31:00-08:00,12.82,60.04265091863516,
2016-07-19T10:31:00-08:00,11.88,64.91797900262466,
2016-07-19T10:31:00-08:00,11.46,70.13123359580052,
2016-07-19T10:31:00-08:00,10.799999999999999,80.05577427821521,
2016-07-19T10:31:00-08:00,10.550000000000002,84.97375328083989,
2016-07-19T10:31:00-08:00,10.050000000000002,95.07217847769029,
2016-07-19T10:31:00-08:00,9.68,104.96719160104986,
2016-07-19T10:31:00-08:00,9.39,109.84251968503935,
2016-07-19T10:31:00-08:00,9.129999999999999,115.03608923884514,
2016-07-19T10:31:00-08:00,8.84,119.99671916010499,
2016-07-19T10:31:00-08:00,8.639999999999999,125.09186351706036,
2016-07-19T10:31:00-08:00,8.52,129.9245406824147,
2016-07-19T10:31:00-08:00,8.280000000000001,135.06233595800524,
2016-07-19T10:31:00-08:00,7.950000000000001,144.9048556430446,
2016-07-19T10:31:00-08:00,7.83,150.0787401574803,
2016-07-19T10:31:00-08:00,7.6899999999999995,154.92454068241466,
2016-07-19T10:31:00-08:00,7.540000000000002,160.09842519685037,
2016-07-19T10:31:00-08:00,7.510000000000001,165.0229658792651,
2016-07-19T10:31:00-08:00,7.359999999999998,174.86876640419945,
2016-07-19T10:31:00-08:00,7.300000000000001,180.00656167979,
2016-07-19T10:31:00-08:00,7.259999999999999,184.8818897637795,
2016-07-19T10:31:00-08:00,7.190000000000001,190.03608923884514,
2016-07-19T10:31:00-08:00,7.09,199.9278215223097,
2016-07-19T10:31:00-08:00,7.059999999999999,205.01312335958002,
2016-07-19T10:31:00-08:00,7.049999999999999,209.91797900262463,
2016-07-19T10:31:00-08:00,6.99,215.11154855643042,
2016-07-19T10:31:00-08:00,6.929999999999998,220.00328083989498,
2016-07-19T10:31:00-08:00,6.910000000000001,225.06561679790022,
2016-07-19T10:31:00-08:00,6.859999999999999,230.04265091863516,
2016-07-19T10:31:00-08:00,6.859999999999999,235.06561679790022,
2016-07-19T10:31:00-08:00,6.849999999999999,240.00656167979,
2016-07-19T10:31:00-08:00,6.839999999999999,244.90157480314957,
2016-07-19T10:31:00-08:00,6.829999999999998,249.99015748031493,
2016-07-19T10:31:00-08:00,6.810000000000001,254.89173228346453,
2016-07-19T10:31:00-08:00,6.790000000000001,260.0721784776903,
2016-07-19T10:31:00-08:00,6.78,264.86876640419945,
2016-07-19T10:31:00-08:00,6.78,269.9081364829396,
2016-07-19T10:31:00-08:00,6.77,275.09186351706035,
2016-07-19T10:31:00-08:00,6.77,279.9081364829396,
2016-07-19T10:31:00-08:00,6.77,285.58727034120733,
2016-07-19T10:31:00-08:00,6.77,291.0925196850393,
2016-07-19T10:31:00-08:00,6.77,295.01968503937,
2016-07-19T10:31:00-08:00,6.76,299.74737532808393,
2016-08-04T10:56:00-08:00,25.16,0.08858267716535433,
2016-08-04T10:56:00-08:00,25.03,9.94750656167979,
2016-08-04T10:56:00-08:00,24.880000000000003,14.97047244094488,
2016-08-04T10:56:00-08:00,24.499999999999996,19.91797900262467,
2016-08-04T10:56:00-08:00,23.93,24.986876640419943,
2016-08-04T10:56:00-08:00,19.279999999999998,35.08530183727034,
2016-08-04T10:56:00-08:00,18.29,39.93766404199474,
2016-08-04T10:56:00-08:00,17.01,45.06233595800524,
2016-08-04T10:56:00-08:00,14.54,54.957349081364825,
2016-08-04T10:56:00-08:00,13.350000000000001,59.9015748031496,
2016-08-04T10:56:00-08:00,11.929999999999998,70.01312335958005,
2016-08-04T10:56:00-08:00,11.07,79.94094488188975,
2016-08-04T10:56:00-08:00,10.61,89.91141732283464,
2016-08-04T10:56:00-08:00,10.399999999999999,94.98359580052492,
2016-08-04T10:56:00-08:00,9.93,105.0295275590551,
2016-08-04T10:56:00-08:00,9.479999999999999,114.92125984251967,
2016-08-04T10:56:00-08:00,9.24,119.89173228346455,
2016-08-04T10:56:00-08:00,8.75,129.97703412073488,
2016-08-04T10:56:00-08:00,8.370000000000001,139.94422572178476,
2016-08-04T10:56:00-08:00,8.079999999999998,145.01968503937005,
2016-08-04T10:56:00-08:00,7.779999999999998,154.99999999999997,
2016-08-04T10:56:00-08:00,7.699999999999999,159.90485564304458,
2016-08-04T10:56:00-08:00,7.59,165.01312335958002,
2016-08-04T10:56:00-08:00,7.41,175.06233595800524,
2016-08-04T10:56:00-08:00,7.300000000000001,180.06889763779526,
2016-08-04T10:56:00-08:00,7.230000000000002,189.9507874015748,
2016-08-04T10:56:00-08:00,7.09,200.01640419947506,
2016-08-04T10:56:00-08:00,7.010000000000002,209.97047244094486,
2016-08-04T10:56:00-08:00,6.949999999999999,219.9770341207349,
2016-08-04T10:56:00-08:00,7.59,165.02624671916007,
2016-08-04T10:56:00-08:00,6.939999999999999,225.0787401574803,
2016-08-04T10:56:00-08:00,6.920000000000002,230.04921259842519,
2016-08-04T10:56:00-08:00,6.890000000000001,235.003280839895,
2016-08-04T10:56:00-08:00,6.87,245.04265091863513,
2016-08-04T10:56:00-08:00,6.87,254.9507874015748,
2016-08-04T10:56:00-08:00,6.849999999999999,265.0426509186351,
2016-08-04T10:56:00-08:00,6.839999999999999,275.0328083989501,
2016-08-04T10:56:00-08:00,6.829999999999998,280.0262467191601,
2016-08-04T10:56:00-08:00,6.829999999999998,290.01968503937,
2016-08-04T10:56:00-08:00,6.829999999999998,295.01312335958005,
2016-08-04T10:56:00-08:00,6.829999999999998,304.95078740157476,
2016-09-08T10:49:00-08:00,22.64,0.1837270341207349,
2016-09-08T10:49:00-08:00,22.48,4.973753280839895,
2016-09-08T10:49:00-08:00,22.409999999999997,8.94028871391076,
2016-09-08T10:49:00-08:00,22.299999999999997,13.966535433070863,
2016-09-08T10:49:00-08:00,22.219999999999995,23.907480314960626,
2016-09-08T10:49:00-08:00,22.180000000000003,29.05511811023622,
2016-09-08T10:49:00-08:00,22.12,33.97309711286089,
2016-09-08T10:49:00-08:00,21.48,39.04527559055118,
2016-09-08T10:49:00-08:00,17.27,49.01902887139107,
2016-09-08T10:49:00-08:00,15.299999999999999,54.19291338582677,
2016-09-08T10:49:00-08:00,14.380000000000003,58.986220472440934,
2016-09-08T10:49:00-08:00,13.499999999999998,63.9534120734908,
2016-09-08T10:49:00-08:00,12.799999999999999,68.97965879265091,
2016-09-08T10:49:00-08:00,11.89,78.98622047244093,
2016-09-08T10:49:00-08:00,11.57,83.97309711286088,
2016-09-08T10:49:00-08:00,11.300000000000002,88.9271653543307,
2016-09-08T10:49:00-08:00,11.04,94.04527559055117,
2016-09-08T10:49:00-08:00,10.880000000000003,99.07152230971127,
2016-09-08T10:49:00-08:00,10.360000000000001,108.91732283464566,
2016-09-08T10:49:00-08:00,10.169999999999998,113.9534120734908,
2016-09-08T10:49:00-08:00,9.99,118.98950131233595,
2016-09-08T10:49:00-08:00,9.67,124.04527559055116,
2016-09-08T10:49:00-08:00,9.469999999999999,129.002624671916,
2016-09-08T10:49:00-08:00,9.190000000000001,133.94685039370077,
2016-09-08T10:49:00-08:00,8.84,138.94685039370077,
2016-09-08T10:49:00-08:00,8.599999999999998,143.98293963254594,
2016-09-08T10:49:00-08:00,8.450000000000001,148.91404199475065,
2016-09-08T10:49:00-08:00,8.12,154.03543307086613,
2016-09-08T10:49:00-08:00,7.930000000000001,158.95997375328082,
2016-09-08T10:49:00-08:00,7.889999999999999,163.97309711286087,
2016-09-08T10:49:00-08:00,7.73,168.91732283464563,
2016-09-08T10:49:00-08:00,7.469999999999999,173.86811023622045,
2016-09-08T10:49:00-08:00,7.41,183.92060367454064,
2016-09-08T10:49:00-08:00,7.379999999999999,189.15026246719157,
2016-09-08T10:49:00-08:00,7.279999999999999,193.94356955380573,
2016-09-08T10:49:00-08:00,7.210000000000002,199.005905511811,
2016-09-08T10:49:00-08:00,7.069999999999999,208.999343832021,
2016-09-08T10:49:00-08:00,7.059999999999999,213.96653543307085,
2016-09-08T10:49:00-08:00,7.020000000000001,224.20603674540678,
2016-09-08T10:49:00-08:00,6.99,233.9895013123359,
2016-09-08T10:49:00-08:00,6.97,238.1758530183727,
2016-09-08T10:49:00-08:00,6.939999999999999,243.89763779527559,
2016-09-08T10:49:00-08:00,6.929999999999998,254.009186351706,
2016-09-08T10:49:00-08:00,6.929999999999998,263.9074803149606,
2016-09-08T10:49:00-08:00,6.929999999999998,273.9041994750656,
2016-09-08T10:49:00-08:00,6.920000000000002,284.06824146981626,
2016-09-08T10:49:00-08:00,6.910000000000001,292.00131233595795,
2016-10-06T11:12:00-08:00,18.220000000000002,0.0853018372703412,
2016-10-06T11:12:00-08:00,18.229999999999997,0.9416010498687662,
2016-10-06T11:12:00-08:00,18.220000000000002,6.0695538057742775,
2016-10-06T11:12:00-08:00,18.200000000000003,15.931758530183725,
2016-10-06T11:12:00-08:00,18.200000000000003,21.076115485564305,
2016-10-06T11:12:00-08:00,18.18,30.935039370078737,
2016-10-06T11:12:00-08:00,18.18,36.06955380577428,
2016-10-06T11:12:00-08:00,18.17,51.013779527559045,
2016-10-06T11:12:00-08:00,18.119999999999997,55.96456692913385,
2016-10-06T11:12:00-08:00,15.25,60.83661417322834,
2016-10-06T11:12:00-08:00,14.34,65.88910761154854,
2016-10-06T11:12:00-08:00,13.389999999999999,71.03674540682414,
2016-10-06T11:12:00-08:00,12.630000000000003,75.97440944881889,
2016-10-06T11:12:00-08:00,11.71,85.9514435695538,
2016-10-06T11:12:00-08:00,11.17,95.93832020997374,
2016-10-06T11:12:00-08:00,10.93,101.07939632545931,
2016-10-06T11:12:00-08:00,10.770000000000001,106.01377952755905,
2016-10-06T11:12:00-08:00,10.260000000000002,115.92191601049868,
2016-10-06T11:12:00-08:00,9.79,125.94816272965879,
2016-10-06T11:12:00-08:00,9.530000000000001,130.8727034120735,
2016-10-06T11:12:00-08:00,9.329999999999998,135.99409448818898,
2016-10-06T11:12:00-08:00,9.129999999999999,140.92191601049868,
2016-10-06T11:12:00-08:00,8.609999999999998,150.93503937007873,
2016-10-06T11:12:00-08:00,8.33,156.03674540682414,
2016-10-06T11:12:00-08:00,8.14,161.09908136482937,
2016-10-06T11:12:00-08:00,7.73,170.93503937007873,
2016-10-06T11:12:00-08:00,7.559999999999999,176.007217847769,
2016-10-06T11:12:00-08:00,7.469999999999999,180.9251968503937,
2016-10-06T11:12:00-08:00,7.320000000000001,190.90551181102362,
2016-10-06T11:12:00-08:00,7.259999999999999,196.04002624671915,
2016-10-06T11:12:00-08:00,7.210000000000002,200.9317585301837,
2016-10-06T11:12:00-08:00,7.190000000000001,206.02034120734908,
2016-10-06T11:12:00-08:00,7.130000000000002,215.98425196850388,
2016-10-06T11:12:00-08:00,7.09,221.0334645669291,
2016-10-06T11:12:00-08:00,7.049999999999999,230.95472440944877,
2016-10-06T11:12:00-08:00,7.030000000000002,235.9711286089239,
2016-10-06T11:12:00-08:00,7.020000000000001,240.86614173228344,
2016-10-06T11:12:00-08:00,7.000000000000001,251.29921259842519,
2016-10-06T11:12:00-08:00,7.000000000000001,251.09251968503935,
2016-10-06T11:12:00-08:00,6.98,265.99737532808393,
2016-10-06T11:12:00-08:00,6.97,270.97112860892383,
2016-10-06T11:12:00-08:00,6.97,278.9599737532808,
2016-11-08T13:11:00-08:00,14.770000000000001,0.2919947506561679,
2016-11-08T13:11:00-08:00,14.630000000000003,4.986876640419947,
2016-11-08T13:11:00-08:00,14.54,12.034120734908136,
2016-11-08T13:11:00-08:00,14.5,17.14566929133858,
2016-11-08T13:11:00-08:00,14.49,21.94553805774278,
2016-11-08T13:11:00-08:00,14.449999999999998,32.09317585301837,
2016-11-08T13:11:00-08:00,14.429999999999998,42.02099737532808,
2016-11-08T13:11:00-08:00,14.420000000000003,52.03740157480315,
2016-11-08T13:11:00-08:00,14.389999999999999,56.991469816272954,
2016-11-08T13:11:00-08:00,13.599999999999998,61.92257217847768,
2016-11-08T13:11:00-08:00,13.25,71.92257217847768,
2016-11-08T13:11:00-08:00,13.060000000000002,76.99146981627295,
2016-11-08T13:11:00-08:00,12.28,87.06692913385825,
2016-11-08T13:11:00-08:00,11.959999999999999,91.81102362204724,
2016-11-08T13:11:00-08:00,11.549999999999999,102.10629921259842,
2016-11-08T13:11:00-08:00,11.26,106.89304461942257,
2016-11-08T13:11:00-08:00,11.139999999999999,111.93569553805774,
2016-11-08T13:11:00-08:00,11.009999999999998,117.04396325459315,
2016-11-08T13:11:00-08:00,10.540000000000001,126.91601049868764,
2016-11-08T13:11:00-08:00,10.350000000000001,132.14238845144357,
2016-11-08T13:11:00-08:00,10.110000000000001,137.04396325459317,
2016-11-08T13:11:00-08:00,9.93,142.19160104986875,
2016-11-08T13:11:00-08:00,9.78,146.98490813648294,
2016-11-08T13:11:00-08:00,9.24,156.8536745406824,
2016-11-08T13:11:00-08:00,8.900000000000002,161.92257217847768,
2016-11-08T13:11:00-08:00,8.53,167.0374015748031,
2016-11-08T13:11:00-08:00,8.33,171.87664041994748,
2016-11-08T13:11:00-08:00,7.879999999999999,182.02755905511808,
2016-11-08T13:11:00-08:00,7.720000000000001,187.0242782152231,
2016-11-08T13:11:00-08:00,7.489999999999999,196.93569553805773,
2016-11-08T13:11:00-08:00,7.3999999999999995,201.81758530183725,
2016-11-08T13:11:00-08:00,7.29,211.8635170603674,
2016-11-08T13:11:00-08:00,7.200000000000001,222.09645669291334,
2016-11-08T13:11:00-08:00,7.180000000000001,227.21784776902885,
2016-11-08T13:11:00-08:00,7.120000000000001,236.90616797900262,
2016-11-08T13:11:00-08:00,7.08,246.97834645669286,
2016-11-08T13:11:00-08:00,7.049999999999999,256.9422572178477,
2016-11-08T13:11:00-08:00,7.039999999999998,266.8766404199475,
2016-11-08T13:11:00-08:00,7.030000000000002,276.8897637795275,
2016-12-13T11:14:00-08:00,10.41,-0.3116797900262467,
2016-12-13T11:14:00-08:00,10.42,4.944225721784776,
2016-12-13T11:14:00-08:00,10.43,9.931102362204724,
2016-12-13T11:14:00-08:00,10.43,19.99343832020997,
2016-12-13T11:14:00-08:00,10.42,25.272309711286088,
2016-12-13T11:14:00-08:00,10.42,34.8753280839895,
2016-12-13T11:14:00-08:00,10.42,39.940944881889756,
2016-12-13T11:14:00-08:00,10.42,44.91469816272965,
2016-12-13T11:14:00-08:00,10.42,55.285433070866134,
2016-12-13T11:14:00-08:00,10.41,65.19028871391076,
2016-12-13T11:14:00-08:00,10.41,69.91141732283464,
2016-12-13T11:14:00-08:00,10.42,74.92782152230971,
2016-12-13T11:14:00-08:00,10.42,79.82939632545931,
2016-12-13T11:14:00-08:00,10.42,84.9015748031496,
2016-12-13T11:14:00-08:00,10.42,90.32152230971128,
2016-12-13T11:14:00-08:00,10.42,95.09842519685039,
2016-12-13T11:14:00-08:00,10.41,99.93110236220471,
2016-12-13T11:14:00-08:00,10.360000000000001,104.91469816272965,
2016-12-13T11:14:00-08:00,10.159999999999998,110.54461942257217,
2016-12-13T11:14:00-08:00,10.100000000000001,115.47244094488187,
2016-12-13T11:14:00-08:00,10.09,119.84908136482939,
2016-12-13T11:14:00-08:00,10.01,129.66535433070865,
2016-12-13T11:14:00-08:00,9.940000000000001,134.97703412073488,
2016-12-13T11:14:00-08:00,9.869999999999997,139.79330708661416,
2016-12-13T11:14:00-08:00,9.79,145.06889763779526,
2016-12-13T11:14:00-08:00,9.690000000000001,150.09514435695536,
2016-12-13T11:14:00-08:00,9.439999999999998,159.69160104986875,
2016-12-13T11:14:00-08:00,9.25,164.91141732283464,
2016-12-13T11:14:00-08:00,9.019999999999998,170.06233595800524,
2016-12-13T11:14:00-08:00,8.309999999999999,179.99015748031493,
2016-12-13T11:14:00-08:00,8.020000000000001,184.79330708661416,
2016-12-13T11:14:00-08:00,7.779999999999998,190.79068241469813,
2016-12-13T11:14:00-08:00,7.630000000000002,194.996719160105,
2016-12-13T11:14:00-08:00,7.530000000000001,200.0262467191601,
2016-12-13T11:14:00-08:00,7.42,204.8786089238845,
2016-12-13T11:14:00-08:00,7.349999999999998,210.11482939632546,
2016-12-13T11:14:00-08:00,7.249999999999998,219.9245406824147,
2016-12-13T11:14:00-08:00,7.220000000000002,225.19356955380573,
2016-12-13T11:14:00-08:00,7.180000000000001,229.92782152230967,
2016-12-13T11:14:00-08:00,7.16,234.82939632545927,
2016-12-13T11:14:00-08:00,7.139999999999999,239.68832020997374,
2016-12-13T11:14:00-08:00,7.110000000000001,244.88517060367454,
2016-12-13T11:14:00-08:00,7.08,255.1049868766404,
2016-12-13T11:14:00-08:00,7.069999999999999,264.94750656167975,
2016-12-13T11:14:00-08:00,7.059999999999999,269.9376640419947,
2016-12-13T11:14:00-08:00,7.059999999999999,275.8267716535433,
2016-12-13T11:14:00-08:00,7.059999999999999,279.744094488189,
2016-12-13T11:14:00-08:00,7.059999999999999,274.9770341207349,
