date, balance_flow [cfs]
61538400,-322.251016092,
61538460,24.0024825293,
61538520,24.6024789191,
61538580,24.2914793696,
61538640,-322.540012933,
61538700,323.833973467,
61538760,-82.9975198593,
61538820,-76.7085212326,
61538880,-66.5985257582,
61538940,-336.251016051,
61539000,24.0024825293,
61539060,24.2914793696,
61539120,24.0024825293,
61539180,-322.251016092,
61539240,370.544977991,
61539300,24.0024825293,
61539360,-318.721015757,
61539420,24.0024825293,
61539480,-322.251016092,
61539540,24.7824830984,
61539600,-302.521016406,
61539660,28.2304821379,
61539720,24.2914793696,
61539780,24.0024825293,
61539840,-314.147940079,
61539900,32.1055585424,
61539960,32.3945553827,
61540020,-314.437930441,
61540080,32.1045650211,
61540140,-314.137937508,
61540200,32.1195520382,
61540260,32.3935618613,
61540320,32.1435649443,
61540380,-314.000932596,
61540440,47.1545655026,
61540500,36.2515652749,
61540560,33.0595621691,
61540620,32.1045650211,
61540680,32.3935618613,
61540740,-12.8954357474,
61540800,31.2865685748,
61540860,-573.751790744,
61540920,63.2400370115,
61540980,64.088543492,
61541040,-148.513046108,
61541100,642.189560701,
61541160,32.9945517725,
61541220,-314.43793044,
61541280,12.7146485386,
61541340,12.4256516984,
61541400,12.7146485386,
61541460,-334.116843763,
61541520,12.4256516984,
61541580,12.1146353095,
61541640,12.4256516984,
61541700,12.7146485386,
61541760,12.4256516984,
61541820,12.7146485386,
61541880,12.4256516984,
61541940,12.7146485386,
61542000,12.4256516984,
61542060,359.257144,
61542120,358.96814716,
61542180,668.510644235,
61542240,46.5006390053,
61542300,359.92819762,
61542360,0.0116585451162,
61542420,357.199145999,
61542480,701.125649203,
61542540,397.418103073,
61542600,1030.69677051,
61542660,454.515674738,
61542720,454.655780632,
61542780,368.054775641,
61542840,21.2232833387,
61542900,21.5122801789,
61542960,367.7657788,
61543020,21.5122801789,
61543080,21.4822829906,
61543140,76.5052787572,
61543200,939.025778708,
61543260,272.080974626,
61543320,389.451942344,
61543380,-317.025110291,
61543440,-220.957626152,
61543500,-994.087762207,
61543560,51.6792818791,
61543620,400.70668406,
61543680,410.222757596,
61543740,74.9471114864,
61543800,74.6922129243,
61543860,400.926765538,
61543920,-228.48739624,
61543980,626.30726296,
61544040,21.5112698182,
61544100,21.2222729779,
61544160,28.4567587325,
61544220,28.1677618922,
61544280,27.5677655024,
61544340,28.4567587325,
61544400,28.1677618922,
61544460,29.0567719616,
61544520,28.1677618922,
61544580,28.4567587325,
61544640,27.5677655024,
61544700,10.456759688,
61544760,28.1677618922,
61544820,28.1677618922,
61544880,28.4567587325,
61544940,23.1677619822,
61545000,16.4567593695,
61545060,28.1677618922,
61545120,32.8827595703,
61545180,-160.85672962,
61545240,-763.852221658,
61545300,196.880261886,
61545360,-154.599352396,
61545420,245.881206849,
61545480,278.711272811,
61545540,28.4577690932,
61545600,-38.5079954172,
61545660,-38.218998577,
61545720,-38.5090057779,
61545780,-38.218998577,
61545840,-38.381009916,
61545900,-38.0000028942,
61545960,-38.2009973171,
61546020,-37.8100045637,
61546080,-37.9680081385,
61546140,-37.5870011168,
61546200,-38.0280067251,
61546260,-37.908009552,
61546320,-38.3070009944,
61546380,-385.050490879,
61546440,-38.218998577,
61546500,-121.50799066,
61546560,-633.134020669,
61546620,-348.880431051,
61546680,3.7248099395,
61546740,340.204474485,
61546800,-299.590506087,
61546860,568.577988681,
61546920,-38.2180050556,
61546980,-39.1069982857,
61547040,-1573.46180324,
61547100,-1230.85643893,
61547160,-1573.46180324,
61547220,-1573.1728064,
61547280,-1226.91930778,
61547340,-1573.169809,
61547400,-1029.10231777,
61547460,-878.389553417,
61547520,-1410.55580666,
61547580,-1226.55330462,
61547640,-1226.29831273,
61547700,-1242.54230802,
61547760,-1920.53730818,
61547820,-1226.76731585,
61547880,-1573.04181314,
61547940,-1657.35579932,
61548000,-1941.79891558,
61548060,-938.967851231,
61548120,-2136.90771797,
61548180,-1889.02929408,
61548240,-1257.97681932,
61548300,-1376.58531877,
61548360,-1579.35680961,
61548420,-1275.59230229,
61548480,-1693.65899402,
61548540,-1348.83748805,
61548600,-1253.10548816,
61548660,-896.294994705,
61548720,-900.810119539,
61548780,143.33249168,
61548840,-203.498007101,
61548900,487.709852904,
61548960,604.09647817,
61549020,832.193341653,
61549080,836.130472806,
61549140,1871.5318312,
61549200,3374.08682027,
61549260,3931.13628766,
61549320,3293.22429949,
61549380,3587.21385957,
61549440,3302.84946672,
61549500,3676.12071278,
61549560,3727.16085999,
61549620,3034.39772824,
61549680,3037.95587309,
61549740,2976.88007366,
61549800,3128.87326819,
61549860,3145.03934258,
61549920,1744.56244021,
61549980,1755.76453036,
61550040,1759.37028073,
61550100,1755.145415,
61550160,1456.66881811,
61550220,1063.85442055,
61550280,1012.31412018,
61550340,1181.14479629,
61550400,869.112487214,
61550460,213.356788124,
61550520,-370.756988232,
61550580,261.741083476,
61550640,157.540425695,
61550700,157.79358841,
61550760,879.977121701,
61550820,-127.100600715,
61550880,522.243442013,
61550940,-190.899409452,
61551000,317.880431434,
61551060,67.5159564322,
61551120,177.138038502,
61551180,646.260071247,
61551240,11.0321480491,
61551300,-1.3048862533,
61551360,182.861802269,
61551420,169.607014555,
61551480,161.701826448,
61551540,-192.8966117,
61551600,-192.711581319,
61551660,507.068152594,
61551720,-149.346773231,
61551780,312.907388201,
61551840,436.733281376,
61551900,908.109851784,
61551960,592.609272367,
61552020,1274.23928196,
61552080,1619.98364298,
61552140,2731.89915412,
61552200,1862.33164116,
61552260,2844.59822236,
61552320,1995.39065636,
61552380,2292.88616809,
61552440,1614.45538147,
61552500,2229.02182078,
61552560,1885.81514906,
61552620,1620.40487499,
61552680,1635.54563954,
61552740,1594.49766467,
61552800,2446.82943453,
61552860,2429.23439016,
61552920,2009.56654211,
61552980,2253.21793608,
61553040,2762.10002547,
61553100,2389.57047206,
61553160,1932.95095974,
61553220,1992.30212396,
61553280,2426.48360466,
61553340,1813.35656411,
61553400,1500.4720215,
61553460,1161.45965141,
61553520,1840.61556583,
61553580,1511.82212738,
61553640,1160.8477938,
61553700,1751.6354729,
61553760,742.532027134,
61553820,1339.21902523,
61553880,981.605485509,
61553940,990.993538267,
61554000,990.517557339,
61554060,981.181588676,
61554120,757.957529523,
61554180,687.953526176,
61554240,1243.53123719,
61554300,1114.69911476,
61554360,1002.18321556,
61554420,973.576249866,
61554480,914.900242349,
61554540,1074.05362204,
61554600,1204.05323656,
61554660,1337.21069742,
61554720,588.483635709,
61554780,1310.44470997,
61554840,844.659751748,
61554900,703.615240969,
61554960,439.901128468,
61555020,402.14825104,
61555080,405.110247636,
61555140,749.837741652,
61555200,1222.90959468,
61555260,995.998285564,
61555320,702.735194868,
61555380,732.112877342,
61555440,-93.2172071084,
61555500,943.113713293,
61555560,782.163748271,
61555620,433.754245152,
61555680,804.768019389,
61555740,469.036484504,
61555800,800.153912884,
61555860,451.486519062,
61555920,450.995500599,
61555980,925.821036204,
61556040,861.531571522,
61556100,570.794235909,
61556160,638.378450812,
61556220,235.27050699,
61556280,250.042895723,
61556340,-24.8224772973,
61556400,862.643961661,
61556460,556.47845316,
61556520,652.366582899,
61556580,545.434606404,
61556640,485.263882539,
61556700,475.148658859,
61556760,-437.491858695,
61556820,291.209039135,
61556880,401.743575441,
61556940,1241.2954497,
61557000,640.830540006,
61557060,452.852526735,
61557120,69.5334376184,
61557180,366.016925758,
61557240,333.747929795,
61557300,360.779923117,
61557360,341.73780681,
61557420,-14.8715652204,
61557480,301.00392748,
61557540,104.959427234,
61557600,-266.332026295,
61557660,205.41242697,
61557720,909.890865713,
61557780,-30.5945681606,
61557840,311.040857948,
61557900,659.255483537,
61557960,346.731866684,
61558020,46.1253869873,
61558080,134.804431503,
61558140,585.555921571,
61558200,-312.12254305,
61558260,328.649422645,
61558320,-192.299045455,
61558380,276.798452206,
61558440,145.044309785,
61558500,584.578913891,
61558560,-6.80407781261,
61558620,34.6249461792,
61558680,330.382317892,
61558740,321.616419655,
61558800,276.512421196,
61558860,82.286935877,
61558920,-26.1550575194,
61558980,25.1797957556,
61559040,86.1629363406,
61559100,153.317928781,
61559160,645.16543939,
61559220,385.011857369,
61559280,169.093601113,
61559340,384.24586924,
61559400,34.4004035984,
61559460,391.679951752,
61559520,106.951442085,
61559580,123.011571387,
61559640,383.447852677,
61559700,390.264891067,
61559760,38.1334674911,
61559820,61.9283545743,
61559880,46.3835253849,
61559940,471.143928699,
61560000,50.7995961583,
61560060,334.501074169,
61560120,340.462033934,
61560180,-9.60342091186,
61560240,427.73606545,
61560300,320.381047569,
61560360,-41.9534193878,
61560420,117.505572269,
61560480,-32.4424240804,
61560540,-31.1424266399,
61560600,-30.4504305932,
61560660,317.431062232,
61560720,-6.38742745799,
61560780,357.242945321,
61560840,-30.3624450155,
61560900,313.469067443,
61560960,308.180064904,
61561020,-35.0754240771,
61561080,49.6375619642,
61561140,411.180057682,
61561200,11.927566271,
61561260,14.4124393115,
61561320,151.459058737,
61561380,281.180061075,
61561440,-101.174334886,
61561500,-449.141828352,
61561560,-96.1573361838,
61561620,-109.726333105,
61561680,-72.3253351841,
61561740,-54.7163352074,
61561800,-396.523834164,
61561860,-270.378826728,
61561920,39.5461705103,
61561980,-60.5468292873,
61562040,-214.617361778,
61562100,13.4051753525,
61562160,11.112161733,
61562220,-334.802327193,
61562280,9.14916559832,
61562340,-70.2198206028,
61562400,-68.3068541624,
61562460,-64.1488325573,
61562520,8.03716260662,
61562580,-339.597330705,
61562640,5.72715808791,
61562700,323.526676469,
61562760,-322.10276655,
61562820,-275.562749079,
61562880,-170.531378103,
61562940,-588.192944663,
61563000,-579.789920833,
61563060,-360.908418002,
61563120,-361.124414176,
61563180,-349.975416376,
61563240,-267.770415034,
61563300,-345.11140793,
61563360,200.517113146,
61563420,-15.4958669422,
61563480,807.356092013,
61563540,209.369607215,
61563600,811.912571762,
61563660,887.766086527,
61563720,1350.48497819,
61563780,1705.10258759,
61563840,2798.5509952,
61563900,2656.91689479,
61563960,2815.7840162,
61564020,2865.16252168,
61564080,2313.28038194,
61564140,2196.82858953,
61564200,1494.21404468,
61564260,1399.90207624,
61564320,1494.86674074,
61564380,780.214368098,
61564440,1098.32574307,
61564500,841.433502814,
61564560,922.135359236,
61564620,531.255721395,
61564680,961.513914733,
61564740,666.188152001,
61564800,860.519723461,
61564860,1175.99752485,
61564920,429.855131866,
61564980,395.458950999,
61565040,209.004361841,
61565100,562.554312773,
61565160,157.400946358,
61565220,915.599695152,
61565280,369.796049117,
61565340,251.471332712,
61565400,93.5352920208,
61565460,608.228140806,
61565520,624.558699427,
61565580,251.329518307,
61565640,477.972315788,
61565700,833.71715502,
61565760,1807.7838595,
61565820,1367.14267754,
61565880,1801.7495166,
61565940,2560.65292315,
61566000,2411.47426743,
61566060,4314.33476174,
61566120,4064.59132143,
61566180,3696.25057023,
61566240,3129.02126276,
61566300,3108.49792647,
61566360,3000.93807393,
61566420,2876.37821522,
61566480,2874.08788289,
61566540,2873.21531472,
61566600,2877.84184441,
61566660,2500.64166576,
61566720,2227.16784543,
61566780,2078.62229128,
61566840,2212.14049251,
61566900,1802.29234318,
61566960,1916.56957193,
61567020,1731.79787352,
61567080,2036.08650367,
61567140,1486.18486841,
61567200,710.478641561,
61567260,1544.24068793,
61567320,1173.09248992,
61567380,1211.9740574,
61567440,414.906077422,
61567500,836.454841122,
61567560,890.221083025,
61567620,717.079059988,
61567680,754.128077707,
61567740,374.014776562,
61567800,381.021796443,
61567860,380.803743763,
61567920,765.284076465,
61567980,373.237741822,
61568040,405.476836371,
61568100,421.706620069,
61568160,453.375199222,
61568220,553.351714466,
61568280,162.04646256,
61568340,542.676449159,
61568400,876.27605698,
61568460,826.717968773,
61568520,1761.7636984,
61568580,1224.82505833,
61568640,3234.35341975,
61568700,2848.97521738,
61568760,3587.14061683,
61568820,3948.18182519,
61568880,5449.99064583,
61568940,5387.29588559,
61569000,4521.01702729,
61569060,3491.48220545,
61569120,4693.6288264,
61569180,4141.06260301,
61569240,3405.2987569,
61569300,3015.8720143,
61569360,3824.95442324,
61569420,3243.18597991,
61569480,3308.48256501,
61569540,2652.41378529,
61569600,3057.90003064,
61569660,2885.18597535,
61569720,2174.00793586,
61569780,2924.1598986,
61569840,2532.43071619,
61569900,2679.7014299,
61569960,1853.20216037,
61570020,2097.49880187,
61570080,2366.93781633,
61570140,1630.05797419,
61570200,2784.33902236,
61570260,1997.15460932,
61570320,2377.91337691,
61570380,1832.65940772,
61570440,2091.20597142,
61570500,1794.90356183,
61570560,1578.78418086,
61570620,1706.58696064,
61570680,1772.18762533,
61570740,1557.25397717,
61570800,1845.51239569,
61570860,1647.93397251,
61570920,1278.33242898,
61570980,1305.28576825,
61571040,1168.7679875,
61571100,1899.07252277,
61571160,1693.55077685,
61571220,1602.49628252,
61571280,1445.30170295,
61571340,1142.90193353,
61571400,942.81599654,
61571460,920.413562939,
61571520,1487.23160434,
61571580,1497.6121635,
61571640,1066.27495966,
61571700,1070.99139538,
61571760,1478.25016245,
61571820,1509.53996709,
61571880,1553.84019,
61571940,907.736708843,
61572000,1326.2163407,
61572060,908.294521547,
61572120,1437.96797117,
61572180,909.504141733,
61572240,1009.66206984,
61572300,1385.55730027,
61572360,1005.29219243,
61572420,628.524936508,
61572480,1165.4261318,
61572540,1459.63077182,
61572600,615.680912164,
61572660,890.933529107,
61572720,739.369746334,
61572780,440.896557188,
61572840,1152.30273837,
61572900,719.82919299,
61572960,1265.47109203,
61573020,887.414897912,
61573080,884.849335665,
61573140,521.77069457,
61573200,1270.22709983,
61573260,626.520682607,
61573320,999.934442287,
61573380,947.945657777,
61573440,582.414645662,
61573500,694.837490683,
61573560,516.894685389,
61573620,833.801324137,
61573680,464.774687468,
61573740,879.397887792,
61573800,786.01789291,
61573860,814.098890077,
61573920,628.494115308,
61573980,1022.58734403,
61574040,1039.99282406,
61574100,373.63639315,
61574160,517.594668377,
61574220,437.13329565,
61574280,740.384483898,
61574340,541.634689135,
61574400,941.441831683,
61574460,566.657633871,
61574520,607.375071725,
61574580,617.758624083,
61574640,749.822623426,
61574700,647.490426207,
61574760,1131.58798122,
61574820,706.577623423,
61574880,775.876998364,
61574940,703.996073196,
61575000,444.814823429,
61575060,734.839994326,
61575120,586.19228614,
61575180,642.056954228,
61575240,247.919645405,
61575300,538.672831708,
61575360,757.77427857,
61575420,1165.48028925,
61575480,269.144609362,
61575540,-85.5164426796,
61575600,-210.790986098,
61575660,1183.12783311,
61575720,559.93062704,
61575780,564.717640281,
61575840,463.849062104,
61575900,319.620063075,
61575960,611.173269823,
61576020,269.21605967,
61576080,754.407472049,
61576140,672.258038059,
61576200,938.926258521,
61576260,700.883748683,
61576320,516.086865733,
61576380,400.595861444,
61576440,799.203053311,
61576500,403.33583759,
61576560,301.269839087,
61576620,267.249059981,
61576680,236.05906505,
61576740,267.547061661,
61576800,498.987066747,
61576860,1537.97246104,
61576920,495.394440165,
61576980,619.32053552,
61577040,23.8584770531,
61577100,387.573059449,
61577160,332.062854877,
61577220,640.07705188,
61577280,528.044889063,
61577340,45.0776932969,
61577400,670.72710398,
61577460,316.457895078,
61577520,418.550896524,
61577580,641.109863641,
61577640,855.382425359,
61577700,278.63108808,
61577760,61.3484807996,
61577820,406.070698785,
61577880,382.331701488,
61577940,282.381897411,
61578000,622.74710325,
61578060,247.632898478,
61578120,247.922888839,
61578180,328.117887015,
61578240,578.287215077,
61578300,723.964105837,
61578360,74.3970783326,
61578420,65.9471454892,
61578480,570.724308248,
61578540,400.174688374,
61578600,-69.3863151197,
61578660,471.469909792,
61578720,714.983818906,
61578780,37.1808056665,
61578840,385.498055433,
61578900,411.851125303,
61578960,454.936485594,
61579020,789.368024419,
61579080,233.971580485,
61579140,-123.667945834,
61579200,358.815849794,
61579260,107.624854779,
61579320,611.471629839,
61579380,611.305118567,
61579440,232.288850234,
61579500,393.982003753,
61579560,25.7423980798,
61579620,639.770111739,
61579680,287.52672422,
61579740,782.646846851,
61579800,-615.708055413,
61579860,-279.808014762,
61579920,1007.34730252,
61579980,574.524300225,
61580040,396.774899401,
61580100,281.438907598,
61580160,421.258277705,
61580220,470.566755799,
61580280,179.307606114,
61580340,179.229505232,
61580400,4.66693237291,
61580460,563.351473272,
61580520,49.4222083105,
61580580,517.456839221,
61580640,388.074762488,
61580700,481.536361462,
61580760,367.913037044,
61580820,-338.62931215,
61580880,-76.8861833602,
61580940,303.113765583,
61581000,577.236911446,
61581060,-23.4264894991,
61581120,635.757529315,
61581180,161.518647289,
61581240,622.22135316,
61581300,-148.51558071,
61581360,54.7505962167,
61581420,-242.886500364,
61581480,351.248397427,
61581540,168.47574184,
61581600,352.404987177,
61581660,-16.605106558,
61581720,372.962564514,
61581780,5.60385100551,
61581840,57.872858186,
61581900,725.952407894,
61581960,-122.579166756,
61582020,146.501099564,
61582080,-140.053127707,
61582140,399.846516732,
61582200,251.758040284,
61582260,216.951606172,
61582320,302.913074269,
61582380,318.809045559,
61582440,294.493974266,
61582500,264.6246509,
61582560,200.268822936,
61582620,-97.4370000826,
61582680,-62.8863472035,
61582740,781.580467715,
61582800,289.646415659,
61582860,-337.568591779,
61582920,766.832209097,
61582980,6.12942763243,
61583040,162.765721996,
61583100,-218.362520157,
61583160,156.261710191,
61583220,207.774280979,
61583280,22.1465226087,
61583340,97.9241066523,
61583400,516.965317437,
61583460,-145.114366452,
61583520,710.714490112,
61583580,-381.744353402,
61583640,151.187599734,
61583700,-238.824496705,
61583760,430.82385778,
61583820,44.7762405403,
61583880,440.628673558,
61583940,79.8364159737,
61584000,398.470289863,
61584060,531.954123357,
61584120,-76.9539150341,
61584180,-544.95648618,
61584240,159.083047994,
61584300,283.774317119,
61584360,205.008647145,
61584420,281.098099921,
61584480,-596.310557026,
61584540,-1042.55169809,
61584600,-618.241602806,
61584660,-590.672790817,
61584720,-820.131305203,
61584780,-699.462036952,
61584840,380.484093071,
61584900,-156.575735866,
61584960,-120.380666593,
61585020,-564.519337087,
61585080,-361.629058399,
61585140,-625.204197293,
61585200,-408.871660155,
61585260,-127.941289687,
61585320,-429.358718564,
61585380,-255.569214994,
61585440,-363.743867955,
61585500,-192.528600628,
61585560,-663.461025486,
61585620,-638.799273834,
61585680,-291.955531252,
61585740,-421.550676324,
61585800,229.107247883,
61585860,-674.927651038,
61585920,-1018.68948565,
61585980,-439.343602669,
61586040,-826.677054078,
61586100,-126.746077931,
61586160,-380.059518324,
61586220,-447.510617675,
61586280,146.233895979,
61586340,71.4601282555,
61586400,-13.9197040851,
61586460,23.3589654214,
61586520,-19.9826384331,
61586580,697.777739048,
61586640,1352.96674371,
61586700,2050.5868583,
61586760,3085.68021454,
61586820,2080.02572376,
61586880,1408.51470652,
61586940,1321.54657307,
61587000,1096.13238634,
61587060,101.382903531,
61587120,-607.235195712,
61587180,1306.47801066,
61587240,1491.58231772,
61587300,669.004991486,
61587360,638.962495107,
61587420,1175.70360823,
61587480,415.957485312,
61587540,1113.55760107,
61587600,380.55549657,
61587660,534.466611392,
61587720,1240.7386805,
61587780,648.739503486,
61587840,632.996816201,
61587900,942.2737164,
61587960,457.323208828,
61588020,759.184135379,
61588080,282.138567876,
61588140,325.121619248,
61588200,471.679497939,
61588260,756.635656079,
61588320,1626.72220582,
61588380,1152.24156827,
61588440,284.965710506,
61588500,968.22267834,
61588560,171.449246133,
61588620,433.038612698,
61588680,275.569125445,
61588740,457.675651952,
61588800,-444.488716178,
61588860,165.938143809,
61588920,-176.666226978,
61588980,-527.144843233,
61589040,169.876268484,
61589100,-433.775726911,
61589160,-277.585729635,
61589220,88.114226429,
61589280,-467.999256624,
61589340,-342.917224427,
61589400,-392.754725653,
61589460,-902.343708507,
61589520,-436.205363355,
61589580,-333.924217302,
61589640,-329.272202984,
61589700,-260.950213549,
61589760,-178.868804422,
61589820,-104.870622431,
61589880,298.364641163,
61589940,1020.18088898,
61590000,691.431266516,
61590060,436.261995581,
61590120,957.458319923,
61590180,1847.22657319,
61590240,1478.65166219,
61590300,2147.65265553,
61590360,2443.39915921,
61590420,814.710673144,
61590480,1249.25028547,
61590540,290.38867094,
61590600,1392.31521189,
61590660,321.395324614,
61590720,262.725761005,
61590780,750.471135613,
61590840,1016.40882334,
61590900,580.883204218,
61590960,624.906862275,
61591020,746.341778598,
61591080,416.691301687,
61591140,401.064322096,
61591200,433.279302702,
61591260,438.267159156,
61591320,96.5208540372,
61591380,86.1407786214,
61591440,290.12026724,
61591500,-79.2451146283,
61591560,448.267358145,
61591620,444.248115187,
61591680,1023.15967334,
61591740,1724.41265595,
61591800,3107.70451621,
61591860,3885.16466102,
61591920,3390.15212001,
61591980,3701.21341334,
61592040,2563.43782221,
61592100,3021.55679394,
61592160,3246.20144402,
61592220,2139.70485218,
61592280,3011.25793693,
61592340,2406.66517546,
61592400,2780.14683558,
61592460,2784.85640008,
61592520,2779.52682773,
61592580,2402.35163868,
61592640,1989.21689505,
61592700,2392.23455384,
61592760,1490.80594253,
61592820,1826.25060371,
61592880,2590.31557015,
61592940,1935.23940618,
61593000,1817.75600599,
61593060,1624.44922631,
61593120,-2229.61873585,
61593180,-2207.58422089,
61593240,-2501.80287323,
61593300,-2508.35986161,
61593360,-2197.80418186,
61593420,-2387.12671197,
61593480,-2290.13967886,
61593540,-2526.50218617,
61593600,-2126.00563936,
61593660,-2568.47650419,
61593720,-2933.93815678,
61593780,-2403.66584335,
61593840,-2533.93981189,
61593900,-2541.43246547,
61593960,-2534.33688365,
61594020,-1789.48896863,
61594080,-1034.2811104,
61594140,-1510.69989284,
61594200,1005.60867068,
61594260,2211.95927833,
61594320,2146.14569166,
61594380,1229.70261672,
61594440,369.433195876,
61594500,-911.241017186,
61594560,2177.65566598,
61594620,1785.8934616,
61594680,1468.75338361,
61594740,1404.71091639,
61594800,986.199898731,
61594860,946.035850551,
61594920,1599.33584015,
61594980,2500.31870792,
61595040,2135.4744724,
61595100,3579.85736693,
61595160,4435.92823336,
61595220,4680.21945222,
61595280,5794.14805533,
61595340,7352.12087839,
61595400,6926.54776034,
61595460,8186.05507672,
61595520,9189.36634047,
61595580,5864.28405388,
61595640,6228.60526566,
61595700,5087.75964301,
61595760,5177.49165479,
61595820,4265.01958368,
61595880,4621.8374395,
61595940,3731.44048077,
61596000,5397.05945715,
61596060,4909.29169496,
61596120,5299.32146292,
61596180,4213.86529003,
61596240,4295.29786182,
61596300,4634.16821275,
61596360,3915.83413979,
61596420,3964.31060268,
61596480,3247.4237466,
61596540,3595.37121511,
61596600,3649.95056819,
61596660,3183.26384031,
61596720,3057.64386681,
61596780,3074.44931888,
61596840,3520.97319306,
61596900,2817.88870865,
61596960,3033.28948358,
61597020,2306.8590764,
61597080,1554.09668221,
61597140,2302.08118166,
61597200,2298.56505589,
61597260,2475.75928859,
61597320,2507.95784524,
61597380,1673.29940959,
61597440,2557.24434527,
61597500,2646.23840643,
61597560,2654.21683378,
61597620,2360.49826474,
61597680,2381.07224925,
61597740,2392.96710795,
61597800,2009.11702141,
61597860,2016.02293787,
61597920,2373.85853941,
61597980,1618.324737,
61598040,1980.14898438,
61598100,1960.35892296,
61598160,1501.93984239,
61598220,1870.04298584,
61598280,1883.19993662,
61598340,1519.45068162,
61598400,1534.66771577,
61598460,1740.63566447,
61598520,1543.95456172,
61598580,1050.10454582,
61598640,1469.86192564,
61598700,1059.55559976,
61598760,1663.03230416,
61598820,1633.27988461,
61598880,1500.45213702,
61598940,1568.51016881,
61599000,1630.35609884,
61599060,2006.53080806,
61599120,1253.80596943,
61599180,1571.17814412,
61599240,1512.97309941,
61599300,1244.26493123,
61599360,1446.91812456,
61599420,1067.78199377,
61599480,1063.06999139,
61599540,1073.59493569,
61599600,1067.29395587,
61599660,1440.50420325,
61599720,1202.9678856,
61599780,1180.57893228,
61599840,1098.96265735,
61599900,1371.95084819,
61599960,1046.60468791,
61600020,1205.77291635,
61600080,1177.93488567,
61600140,838.454789488,
61600200,1188.5968854,
61600260,1183.64291847,
61600320,908.958129934,
61600380,910.041135574,
61600440,1282.13823489,
61600500,1284.24722814,
61600560,913.64369837,
61600620,1285.43834238,
61600680,977.165055213,
61600740,1411.91594744,
61600800,1162.2287733,
61600860,782.999250129,
61600920,811.011321751,
61600980,1091.04944755,
61601040,794.225298457,
61601100,1065.06834804,
61601160,956.863330537,
61601220,1054.35355089,
61601280,828.327363431,
61601340,1084.9621038,
61601400,1003.07206557,
61601460,878.533102247,
61601520,865.815052161,
61601580,953.174274168,
61601640,906.075877917,
61601700,710.330901961,
61601760,693.799165025,
61601820,1168.1888324,
61601880,839.734667876,
61601940,1208.53477498,
61602000,1211.29577084,
61602060,843.526568441,
61602120,652.191648567,
61602180,1035.91874052,
61602240,644.137191571,
61602300,603.725672758,
61602360,560.946630051,
61602420,758.109876938,
61602480,767.343765491,
61602540,427.809564493,
61602600,916.352873631,
61602660,830.83380498,
61602720,693.694835384,
61602780,1093.54931481,
61602840,578.992595075,
61602900,970.476202383,
61602960,626.025413974,
61603020,636.089856533,
61603080,637.197043472,
61603140,843.099603518,
61603200,-79.5148420489,
61603260,298.739591402,
61603320,-20.8216307906,
61603380,154.447028437,
61603440,168.088594134,
61603500,210.389593093,
61603560,179.268591064,
61603620,182.37103239,
61603680,317.339170563,
61603740,245.703285367,
61603800,-95.817615888,
61603860,-166.171608182,
61603920,-173.605176712,
61603980,-138.063609126,
61604040,198.674587016,
61604100,-25.170610569,
61604160,-69.3758218586,
61604220,754.041807787,
61604280,195.337747736,
61604340,-174.152486245,
61604400,185.35729983,
61604460,71.2579260002,
61604520,-357.795830354,
61604580,169.649599318,
61604640,209.445718714,
61604700,227.457288112,
61604760,1038.98968705,
61604820,874.637925479,
61604880,714.369283346,
61604940,240.092082127,
61605000,1147.20571925,
61605060,427.226788938,
61605120,24.17907723,
61605180,580.381930418,
61605240,234.56929289,
61605300,235.707295831,
61605360,555.589494885,
61605420,-205.337474332,
61605480,556.59649614,
61605540,213.706287339,
61605600,585.17328127,
61605660,791.970277143,
61605720,602.824633582,
61605780,220.227087386,
61605840,223.095522094,
61605900,459.960775,
61605960,32.4935168749,
61606020,610.357500869,
61606080,42.1057832696,
61606140,42.3947969496,
61606200,37.5322301576,
61606260,417.509995243,
61606320,42.1067936303,
61606380,158.288794131,
61606440,815.614146237,
61606500,821.262163613,
61606560,-232.106976995,
61606620,417.601998057,
61606680,852.43599375,
61606740,53.0222237819,
61606800,417.510988765,
61606860,417.221991924,
61606920,788.051640424,
61606980,274.170801698,
61607040,1398.69976971,
61607100,453.980799786,
61607160,87.5731296251,
61607220,830.839998532,
61607280,1215.35766789,
61607340,706.05299166,
61607400,1075.6201881,
61607460,788.049636543,
61607520,1562.54665093,
61607580,1559.46010039,
61607640,1188.03144903,
61607700,1558.86109753,
61607760,1563.14666416,
61607820,1182.85988657,
61607880,813.208244975,
61607940,1559.1730906,
61608000,1188.32244975,
61608060,1183.45988296,
61608120,1187.72545076,
61608180,808.346688544,
61608240,1188.32445363,
61608300,1184.06088971,
61608360,812.32324267,
61608420,813.211242379,
61608480,1558.57609161,
61608540,813.212252739,
61608600,1183.46288036,
61608660,1345.06932324,
61608720,1003.39056857,
61608780,642.510335018,
61608840,1077.96457652,
61608900,1117.93610355,
61608960,-484.803326042,
61609020,347.163690416,
61609080,387.852219918,
61609140,21.7924491168,
61609200,454.361698243,
61609260,902.111025324,
61609320,159.351442497,
61609380,208.64393659,
61609440,265.213450365,
61609500,323.667464796,
61609560,377.733879541,
61609620,436.5834238,
61609680,486.940441223,
61609740,542.256924749,
61609800,1016.1582094,
61609860,822.268415641,
61609920,1462.30888572,
61609980,1436.88203873,
61610040,976.618088146,
61610100,922.570819737,
61610160,851.231112248,
61610220,1627.3618146,
61610280,1148.05205954,
61610340,709.843272904,
61610400,1254.21138301,
61610460,1306.9543504,
61610520,1608.02735859,
61610580,2395.67811789,
61610640,1678.90849813,
61610700,1717.05151758,
61610760,1311.59074406,
61610820,1670.77354524,
61610880,817.911066522,
61610940,1226.08733606,
61611000,1809.23896695,
61611060,1221.45644035,
61611120,801.458403385,
61611180,1420.42924095,
61611240,1391.72536482,
61611300,2234.03876846,
61611360,2291.16138962,
61611420,1970.62380658,
61611480,2638.09174745,
61611540,2687.78174157,
61611600,2444.98948889,
61611660,3701.70326066,
61611720,2093.60629233,
61611780,2832.87564307,
61611840,3558.65962633,
61611900,2819.23181625,
61611960,3193.91048588,
61612020,2749.89670537,
61612080,3677.50466821,
61612140,3268.38269996,
61612200,2830.06886936,
61612260,2685.48246359,
61612320,2587.82802832,
61612380,2397.32421433,
61612440,2226.0531552,
61612500,2821.88383626,
61612560,2123.65414181,
61612620,2178.64810865,
61612680,2095.29008367,
61612740,2104.42310455,
61612800,2175.74134297,
61612860,2531.30009818,
61612920,2282.58453735,
61612980,1815.72122104,
61613040,1629.40686041,
61613100,2019.17346536,
61613160,1542.05587309,
61613220,2177.43442124,
61613280,1862.61218883,
61613340,1970.347699,
61613400,2367.96294701,
61613460,1992.86115515,
61613520,2122.01707959,
61613580,1591.36835438,
61613640,1301.8543861,
61613700,2002.88656745,
61613760,1206.65236582,
61613820,1901.66487815,
61613880,1487.58710864,
61613940,1478.99018516,
61614000,1865.05395284,
61614060,1471.54010527,
61614120,1445.16019348,
61614180,1425.64214642,
61614240,1127.79697009,
61614300,1818.62391263,
61614360,1450.62827388,
61614420,1314.57378224,
61614480,935.071449811,
61614540,1545.55698351,
61614600,722.20645057,
61614660,1512.12886281,
61614720,1601.99173311,
61614780,1505.74444403,
61614840,1577.97051684,
61614900,1235.58666315,
61614960,1464.51072273,
61615020,1451.15542015,
61615080,1367.88481776,
61615140,1076.52590573,
61615200,1416.63661623,
61615260,845.40784787,
61615320,1167.45669368,
61615380,1255.21972293,
61615440,927.662718964,
61615500,1226.68748187,
61615560,1233.51841272,
61615620,1238.45866397,
61615680,1130.40923247,
61615740,989.80292494,
61615800,1297.1978611,
61615860,1006.93117421,
61615920,644.024191924,
61615980,1098.50855817,
61616040,1087.18523639,
61616100,942.491909293,
61616160,1440.4999637,
61616220,824.405286278,
61616280,963.831047387,
61616340,1055.53404557,
61616400,1297.37398387,
61616460,1156.99344028,
61616520,1461.83368779,
61616580,535.691674128,
61616640,1091.10938478,
61616700,937.084408282,
61616760,695.24942917,
61616820,1210.97316498,
61616880,817.995775749,
61616940,925.922065363,
61617000,957.869014114,
61617060,809.858222307,
61617120,1011.76821721,
61617180,927.238584243,
61617240,749.814298206,
61617300,963.605810378,
61617360,716.567589162,
61617420,855.513672204,
61617480,721.257207353,
61617540,540.465361685,
61617600,1210.34422996,
61617660,1013.10591328,
61617720,918.970755724,
61617780,924.379195909,
61617840,1091.89814584,
61617900,798.508970556,
61617960,1027.60300649,
61618020,866.718994275,
61618080,888.748023436,
61618140,890.337943881,
61618200,942.358753712,
61618260,954.989235376,
61618320,659.958964878,
61618380,749.637160461,
61618440,916.88823009,
61618500,930.035958975,
61618560,683.752645599,
61618620,976.285577691,
61618680,892.447004495,
61618740,889.956920019,
61618800,931.678957036,
61618860,946.229611508,
61618920,645.874002994,
61618980,812.865882294,
61619040,773.985065149,
61619100,1234.92354476,
61619160,707.419982085,
61619220,838.555577434,
61619280,882.753817234,
61619340,773.78807849,
61619400,644.863985528,
61619460,900.679007733,
61619520,731.064998997,
61619580,783.790670134,
61619640,778.698178925,
61619700,776.393583664,
61619760,773.769151066,
61619820,777.828598972,
61619880,776.156027195,
61619940,776.109621787,
61620000,1153.07320381,
61620060,796.494684627,
61620120,737.716235335,
61620180,633.729371867,
61620240,656.241720084,
61620300,1027.81734239,
61620360,383.942056,
61620420,652.731986144,
61620480,767.352511682,
61620540,739.067897746,
61620600,779.944367716,
61620660,962.646294226,
61620720,669.250699325,
61620780,509.943971101,
61620840,885.858225788,
61620900,615.950539058,
61620960,475.52301524,
61621020,906.438032314,
61621080,906.28353515,
61621140,133.114717792,
61621200,890.661523165,
61621260,481.167345288,
61621320,852.412921402,
61621380,887.135006852,
61621440,454.232328701,
61621500,615.366480971,
61621560,494.866533638,
61621620,503.167206354,
61621680,500.424081251,
61621740,312.618549563,
61621800,999.978648906,
61621860,690.989590781,
61621920,1391.56456874,
61621980,558.2225198,
61622040,792.347708153,
61622100,376.780230648,
61622160,516.969660617,
61622220,622.148000973,
61622280,855.996053454,
61622340,804.569295969,
61622400,307.433815867,
61622460,285.923097919,
61622520,261.628063206,
61622580,203.031958381,
61622640,622.471575929,
61622700,597.459591502,
61622760,243.949967187,
61622820,613.060103471,
61622880,589.482361985,
61622940,216.004844346,
61623000,-112.314946034,
61623060,-18.2153684312,
61623120,1471.79947381,
61623180,342.164074851,
61623240,713.017727074,
61623300,-64.6596400781,
61623360,298.038164737,
61623420,583.760053246,
61623480,882.457592487,
61623540,150.568782782,
61623600,724.844077251,
61623660,368.467182385,
61623720,32.6154637135,
61623780,3.48636045032,
61623840,744.391818145,
61623900,489.82742091,
61623960,526.608303496,
61624020,135.012383827,
61624080,86.5349232029,
61624140,-74.2826195283,
61624200,349.085389133,
61624260,845.010928612,
61624320,600.812011897,
61624380,326.810374921,
61624440,639.488956464,
61624500,-266.939433072,
61624560,226.669332472,
61624620,249.368857664,
61624680,814.787578957,
61624740,24.5327848463,
61624800,966.078590576,
61624860,134.518693978,
61624920,179.313471406,
61624980,8.60727734518,
61625040,624.833906364,
61625100,431.537185078,
61625160,577.800132822,
61625220,-329.332902935,
61625280,280.919307196,
61625340,19.7233944636,
61625400,648.318253014,
61625460,421.614454134,
61625520,255.44066701,
61625580,566.939416679,
61625640,-325.527859156,
61625700,121.396701682,
61625760,-15.970043837,
61625820,706.04706421,
61625880,-18.0667841204,
61625940,110.18830271,
61626000,123.714654372,
61626060,-446.006159892,
61626120,222.939174845,
61626180,190.2351123,
61626240,1259.53256873,
61626300,523.837922041,
61626360,147.528713145,
61626420,140.481716659,
61626480,242.634711428,
61626540,214.14571377,
61626600,688.984585668,
61626660,212.043729902,
61626720,439.042335196,
61626780,-486.885698737,
61626840,118.59172155,
61626900,492.918924795,
61626960,142.590714125,
61627020,108.33171277,
61627080,117.866716177,
61627140,152.381711361,
61627200,362.303523309,
61627260,623.932075238,
61627320,330.978206923,
61627380,-300.989087062,
61627440,221.791858375,
61627500,-45.3945204824,
61627560,-113.477488015,
61627620,540.704913116,
61627680,398.583431551,
61627740,520.927419917,
61627800,-251.257769334,
61627860,146.474422799,
61627920,502.022636792,
61627980,-220.934783868,
61628040,633.559629886,
61628100,506.434594498,
61628160,-6.31344377441,
61628220,287.092840283,
61628280,-161.199779407,
61628340,536.452629067,
61628400,157.394422345,
61628460,502.48563248,
61628520,161.457419526,
61628580,168.025433472,
61628640,395.432419621,
61628700,38.9905375239,
61628760,709.670974597,
61628820,253.441667484,
61628880,-160.681654775,
61628940,-113.094946222,
61629000,219.002722961,
61629060,480.789928736,
61629120,518.65773114,
61629180,-204.738668092,
61629240,187.85153109,
61629300,187.371533978,
61629360,198.566532659,
61629420,204.869967196,
61629480,205.413528244,
61629540,218.877536059,
61629600,-72.5288760481,
61629660,173.629533836,
61629720,157.191533496,
61629780,145.975534047,
61629840,139.564530155,
61629900,571.384743248,
61629960,-179.888673954,
61630020,-85.6506891816,
61630080,752.33567765,
61630140,515.959920726,
61630200,202.987672284,
61630260,144.600577498,
61630320,143.499192057,
61630380,343.203953646,
61630440,481.381807124,
61630500,-38.9696671118,
61630560,-132.839889007,
61630620,116.265609199,
61630680,116.517609998,
61630740,-187.42188127,
61630800,152.873612891,
61630860,345.006097525,
61630920,161.039631675,
61630980,642.473196034,
61631040,223.73921258,
61631100,90.5695994535,
61631160,61.8255783329,
61631220,182.624610008,
61631280,169.691605681,
61631340,535.036613611,
61631400,-128.745390972,
61631460,231.17560767,
61631520,382.626120597,
61631580,428.99406016,
61631640,672.66873182,
61631700,26.6581669476,
61631760,102.259615915,
61631820,230.986594757,
61631880,-150.445741562,
61631940,251.543118351,
61632000,431.513922001,
61632060,241.055400281,
61632120,-177.67805946,
61632180,126.403433796,
61632240,158.635304609,
61632300,57.9545577628,
61632360,534.611448423,
61632420,767.908989193,
61632480,-12.1994053543,
61632540,29.7979410009,
61632600,500.34741691,
61632660,-47.8541109786,
61632720,573.535420463,
61632780,509.056423077,
61632840,176.938948434,
61632900,187.768086741,
61632960,602.10443027,
61633020,526.409054111,
61633080,651.204988509,
61633140,-282.696568756,
61633200,602.798068283,
61633260,217.273872675,
61633320,545.401109745,
61633380,202.55392034,
61633440,-170.150170517,
61633500,81.1178587845,
61633560,71.8358770617,
61633620,43.0938429838,
61633680,371.802717438,
61633740,140.431263631,
61633800,217.964424432,
61633860,-2.36665207556,
61633920,102.62330775,
61633980,226.10236901,
61634040,283.78739791,
61634100,43.3667750889,
61634160,232.384286693,
61634220,401.832250959,
61634280,-2.19538161326,
61634340,23.2248471342,
61634400,380.465210132,
61634460,386.079329906,
61634520,126.832706591,
61634580,2.25429996519,
61634640,246.824760469,
61634700,222.34274391,
61634760,132.09134223,
61634820,105.941287504,
61634880,174.426202253,
61634940,-53.8457873754,
61635000,259.007745927,
61635060,335.79755944,
61635120,380.770266147,
61635180,199.54383117,
61635240,47.0816469286,
61635300,101.225765702,
61635360,157.513785694,
61635420,41.4767382761,
61635480,68.6442203553,
61635540,287.521553686,
61635600,293.05679973,
61635660,-57.6807849454,
61635720,-58.5759452427,
61635780,28.4352995309,
61635840,332.239683331,
61635900,460.653147404,
61635960,297.503299899,
61636020,268.991232681,
61636080,325.463550542,
61636140,154.814876816,
61636200,106.830733264,
61636260,30.3748557705,
61636320,67.3922431666,
61636380,123.161524618,
61636440,153.016714839,
61636500,-36.1368586732,
61636560,461.369599583,
61636620,207.47214846,
61636680,482.819234511,
61636740,13.4546985159,
61636800,342.752699815,
61636860,65.9681175112,
61636920,129.629211068,
61636980,433.603200594,
61637040,46.5006671236,
61637100,345.660192416,
61637160,-65.353784524,
61637220,243.713607269,
61637280,237.09968506,
61637340,658.360566471,
61637400,455.475127058,
61637460,-310.219213802,
61637520,-104.639743573,
61637580,212.825241546,
61637640,59.78261064,
61637700,362.066103875,
61637760,-200.862245451,
61637820,160.822090518,
61637880,83.1562837484,
61637940,65.2171866432,
61638000,-192.848207475,
61638060,440.31572829,
61638120,139.754243323,
61638180,120.924235064,
61638240,105.149271309,
61638300,122.321210293,
61638360,99.7091444103,
61638420,116.584230657,
61638480,107.902302157,
61638540,130.644342868,
61638600,143.381236181,
61638660,-149.257118014,
61638720,36.6917204963,
61638780,339.032248592,
61638840,261.86298887,
61638900,545.181846484,
61638960,316.685124518,
61639020,-119.74722664,
61639080,111.246191945,
61639140,44.0182388323,
61639200,-263.506419378,
61639260,103.047389161,
61639320,64.7370102705,
61639380,-285.913416059,
61639440,-154.936627639,
61639500,736.522070278,
61639560,105.859942189,
61639620,63.5790915063,
61639680,-43.7800014961,
61639740,295.058476752,
61639800,-51.7750531105,
61639860,421.763586065,
61639920,87.5209274775,
61639980,302.483547513,
61640040,84.1535493187,
61640100,336.581700013,
61640160,-290.578458593,
61640220,-71.4223898294,
61640280,715.68507071,
61640340,-3.49980245326,
61640400,-44.5454394874,
61640460,300.073388315,
61640520,-184.097496565,
61640580,-127.202504485,
61640640,193.220053763,
61640700,526.675630836,
61640760,-169.492320013,
61640820,172.510050502,
61640880,244.699143762,
61640940,100.532091281,
61641000,140.964150267,
61641060,47.8701379833,
61641120,-52.7659050912,
61641180,-43.4217275906,
61641240,-339.996329216,
61641300,164.29725199,
61641360,142.858206123,
61641420,198.74011163,
61641480,502.310568651,
61641540,205.468648298,
61641600,305.570850454,
61641660,266.14262727,
61641720,275.821529196,
61641780,214.474792786,
61641840,-245.634297408,
61641900,122.434093186,
61641960,103.339156571,
61642020,362.392641017,
61642080,-343.32193415,
61642140,148.734705136,
61642200,-194.179837625,
61642260,158.38054335,
61642320,-216.235843417,
61642380,-300.945731019,
61642440,388.624122739,
61642500,60.596714181,
61642560,6.08452976558,
61642620,432.865399999,
61642680,136.977654485,
61642740,-314.389978077,
61642800,73.0993140505,
61642860,73.2957496029,
61642920,-130.092906715,
61642980,673.148722909,
61643040,347.09254848,
61643100,-208.746752168,
61643160,598.368873156,
61643220,240.191017989,
61643280,-30.422623626,
61643340,80.8837605681,
61643400,-273.746909467,
61643460,295.172556893,
61643520,332.289757121,
61643580,-41.8639352357,
61643640,328.683746087,
61643700,-42.5744675733,
61643760,343.080813592,
61643820,374.620721695,
61643880,37.6235532648,
61643940,687.842139979,
61644000,27.4257838309,
61644060,27.3767813364,
61644120,23.046345505,
61644180,33.0087171381,
61644240,403.638941102,
61644300,400.174010102,
61644360,406.952924214,
61644420,-464.886824633,
61644480,101.218216105,
61644540,158.277608989,
61644600,200.359654363,
61644660,187.068177886,
61644720,-152.779856606,
61644780,129.195772201,
61644840,206.247321857,
61644900,114.743931394,
61644960,84.6662044594,
61645020,112.952432525,
61645080,124.237912835,
61645140,209.953459136,
61645200,310.642019879,
61645260,639.419217676,
61645320,-1.38860557391,
61645380,-104.74912923,
61645440,345.924254885,
61645500,-9.30448898597,
61645560,-19.9728501612,
61645620,355.641365285,
61645680,358.939367857,
61645740,-12.4948843162,
61645800,178.825183255,
61645860,-167.860081383,
61645920,818.047218271,
61645980,-293.598953274,
61646040,100.86670309,
61646100,115.45513674,
61646160,5.2645368513,
61646220,311.684269095,
61646280,-255.45085541,
61646340,204.527000851,
61646400,589.026172953,
61646460,-163.338707831,
61646520,223.486469995,
61646580,-148.38121812,
61646640,670.385758803,
61646700,410.329832727,
61646760,109.829705125,
61646820,96.9526747811,
61646880,87.7346488913,
61646940,73.6331249036,
61647000,452.63688543,
61647060,80.5907588133,
61647120,93.9357040383,
61647180,449.711823832,
61647240,-272.934513081,
61647300,314.347643081,
61647360,-58.5697208992,
61647420,266.953071103,
61647480,-475.174758479,
61647540,-83.762151921,
61647600,169.735587722,
61647660,-336.466972252,
61647720,613.04414768,
61647780,244.776487658,
61647840,213.66540649,
61647900,590.644202092,
61647960,-156.871237406,
61648020,210.955433847,
61648080,288.635016581,
61648140,170.666082741,
61648200,78.102189879,
61648260,453.621730699,
61648320,-310.174051152,
61648380,439.280287378,
61648440,66.3152208611,
61648500,70.4481013241,
61648560,62.2500682441,
61648620,89.7791306164,
61648680,-240.782056963,
61648740,327.28211243,
61648800,859.126228055,
61648860,-99.0748864238,
61648920,-180.933455747,
61648980,11.0448220743,
61649040,228.500780239,
61649100,-174.237429005,
61649160,-120.973756868,
61649220,324.896965417,
61649280,-70.4468388733,
61649340,312.697937625,
61649400,-443.087443167,
61649460,-66.9792497429,
61649520,-1.98878844123,
61649580,655.65032894,
61649640,105.957874259,
61649700,468.366186952,
61649760,-166.149069208,
61649820,285.126091813,
61649880,-23.7781487742,
61649940,-111.311034703,
61650000,162.177116296,
61650060,155.695062998,
61650120,179.599170073,
61650180,193.708897064,
61650240,292.714183647,
61650300,-424.243233121,
61650360,-17.607488145,
61650420,725.651348394,
61650480,-491.06769486,
61650540,163.838245132,
61650600,-73.8721767464,
61650660,219.530958354,
61650720,181.501415421,
61650780,204.365023191,
61650840,209.501474275,
61650900,247.365031784,
61650960,273.598954867,
61651020,12.7376748646,
61651080,0.0251855900851,
61651140,2.21618645712,
61651200,-367.631967804,
61651260,10.3191445945,
61651320,-0.924772383908,
61651380,6.60519335875,
61651440,7.04118084221,
61651500,383.773394086,
61651560,496.832403327,
61651620,877.877455787,
61651680,952.015484672,
61651740,939.658453305,
61651800,941.477422521,
61651860,560.58872388,
61651920,469.151396215,
61651980,698.554712462,
61652040,140.077000817,
61652100,718.6238989,
61652160,464.114750303,
61652220,472.43130539,
61652280,467.717841816,
61652340,290.035276108,
61652400,1611.59338467,
61652460,1302.90881695,
61652520,629.833979516,
61652580,1383.08134685,
61652640,990.433123491,
61652700,617.800624141,
61652760,978.551427087,
61652820,1093.18036847,
61652880,1591.52005218,
61652940,1652.16033179,
61653000,920.637424215,
61653060,386.559497909,
61653120,810.722046572,
61653180,806.697038954,
61653240,1175.75241369,
61653300,400.464869549,
61653360,467.909297143,
61653420,526.383796245,
61653480,364.146284159,
61653540,1497.35242179,
61653600,849.099293373,
61653660,1221.0770224,
61653720,473.986098961,
61653780,677.073673095,
61653840,1398.95821899,
61653900,788.356809117,
61653960,395.336621469,
61654020,753.037764675,
61654080,803.025364372,
61654140,163.035683817,
61654200,567.050700851,
61654260,458.172782248,
61654320,860.584470891,
61654380,434.345425079,
61654440,468.9139269,
61654500,848.953484727,
61654560,1592.71186426,
61654620,497.307790679,
61654680,461.955316308,
61654740,803.749610007,
61654800,833.684092455,
61654860,853.905633006,
61654920,357.170453988,
61654980,968.0836739,
61655040,499.222433983,
61655100,137.971813253,
61655160,885.336637821,
61655220,135.683851437,
61655280,571.533044128,
61655340,699.891729352,
61655400,767.342929105,
61655460,392.532786317,
61655520,350.3985428,
61655580,452.419098853,
61655640,440.944028184,
61655700,412.4310092,
61655760,440.571714092,
61655820,639.588149986,
61655880,254.980040333,
61655940,202.496937719,
61656000,484.204629469,
61656060,554.939109009,
61656120,728.268912782,
61656180,394.137181656,
61656240,596.693918718,
61656300,622.238605929,
61656360,809.986084952,
61656420,569.956477667,
61656480,1188.50923225,
61656540,403.3162637,
61656600,391.663865926,
61656660,1184.01869711,
61656720,643.126883723,
61656780,1106.37737672,
61656840,1252.19832533,
61656900,1696.49256746,
61656960,1484.68326651,
61657020,1981.54859683,
61657080,2025.00552421,
61657140,1658.40626899,
61657200,1853.75271287,
61657260,1489.36956598,
61657320,1617.84227374,
61657380,1603.0022641,
61657440,1692.09533219,
61657500,1121.19204921,
61657560,1609.8447398,
61657620,1278.10496263,
61657680,1228.82207651,
61657740,1486.82321655,
61657800,1093.95192572,
61657860,1300.63472331,
61657920,872.97373756,
61657980,1213.22934911,
61658040,1604.77562678,
61658100,1896.49397611,
61658160,1812.95731133,
61658220,1267.91173051,
61658280,916.270248546,
61658340,560.158659147,
61658400,1339.96057528,
61658460,600.674338493,
61658520,972.121914416,
61658580,976.290355749,
61658640,976.181523061,
61658700,570.874696336,
61658760,892.977409697,
61658820,1661.79886756,
61658880,1632.22784604,
61658940,984.409361782,
61659000,951.058857446,
61659060,952.263590884,
61659120,997.195577537,
61659180,665.04989561,
61659240,1052.04647123,
61659300,221.118803731,
61659360,1524.12940534,
61659420,406.560287753,
61659480,783.124086115,
61659540,736.34749062,
61659600,613.174757468,
61659660,1733.55832956,
61659720,1184.80604919,
61659780,1184.65575804,
61659840,432.848074342,
61659900,792.376821521,
61659960,816.394762569,
61660020,812.665373481,
61660080,799.776602286,
61660140,812.470656306,
61660200,455.008197805,
61660260,1188.33896063,
61660320,818.568688339,
61660380,845.238641005,
61660440,929.974229275,
61660500,1709.85207402,
61660560,819.343584482,
61660620,314.385574684,
61660680,1109.74862882,
61660740,1113.21721147,
61660800,1185.16099619,
61660860,803.837716532,
61660920,810.306262189,
61660980,1177.557954,
61661040,161.166933382,
61661100,1212.22260516,
61661160,915.646815742,
61661220,727.945112343,
61661280,782.470137102,
61661340,1427.31646011,
61661400,660.008980572,
61661460,551.187019984,
61661520,928.886367334,
61661580,931.144755432,
61661640,560.004050549,
61661700,935.25920064,
61661760,1303.43246312,
61661820,622.538137257,
61661880,932.972934899,
61661940,1045.92583943,
61662000,660.059662302,
61662060,621.664983536,
61662120,893.364257229,
61662180,623.637582797,
61662240,171.163101581,
61662300,482.33182324,
61662360,878.855498057,
61662420,155.252669121,
61662480,670.02823884,
61662540,1543.37654513,
61662600,535.744876485,
61662660,583.944474522,
61662720,559.42353371,
61662780,789.05943549,
61662840,347.119316968,
61662900,726.821367628,
61662960,1111.8296138,
61663020,727.343353647,
61663080,336.981849825,
61663140,640.591527061,
61663200,502.484917679,
61663260,397.366370724,
61663320,766.768260802,
61663380,703.474332326,
61663440,649.572561579,
61663500,927.901016384,
61663560,902.482543178,
61663620,1117.71444386,
61663680,843.348933517,
61663740,467.945731905,
61663800,463.661158793,
61663860,467.946725426,
61663920,468.235722266,
61663980,467.946725426,
61664040,843.349927038,
61664100,838.565360093,
61664160,468.606726717,
61664220,93.2035251044,
61664280,468.606726717,
61664340,93.2045186257,
61664400,843.43292817,
61664460,468.607720238,
61664520,463.744159925,
61664580,468.607720238,
61664640,858.409927986,
61664700,515.344720501,
61664760,550.934722635,
61664820,634.122524745,
61664880,496.559168495,
61664940,468.608730599,
61665000,843.433938531,
61665060,468.608730599,
61665120,865.822925533,
61665180,114.988507952,
61665240,862.143350097,
61665300,-259.518695263,
61665360,1240.61712171,
61665420,490.681710451,
61665480,491.603708797,
61665540,115.516516141,
61665600,485.814148689,
61665660,490.709714282,
61665720,116.490514386,
61665780,865.217911018,
61665840,-259.518695263,
61665900,490.999721483,
61665960,491.315722318,
61666020,485.818156453,
61666080,490.710707803,
61666140,563.732717513,
61666200,401.928905609,
61666260,528.00284259,
61666320,319.811422172,
61666380,205.42751332,
61666440,486.135150809,
61666500,115.596503031,
61666560,879.582741703,
61666620,504.17952325,
61666680,129.354332158,
61666740,504.179523251,
61666800,500.000965394,
61666860,663.009309833,
61666920,547.961838669,
61666980,216.525332141,
61667040,129.170328634,
61667100,875.110735774,
61667160,129.270320665,
61667220,504.180533611,
61667280,504.180533611,
61667340,129.355325679,
61667400,129.066328839,
61667460,499.894966979,
61667520,250.722328923,
61667580,526.067097214,
61667640,702.312892248,
61667700,316.536236911,
61667760,197.684761785,
61667820,129.355325679,
61667880,128.460320803,
61667940,504.786524808,
61668000,156.089722518,
61668060,530.307928893,
61668120,156.089722518,
61668180,531.519928126,
61668240,526.02236226,
61668300,156.405723353,
61668360,156.089722518,
61668420,530.308939253,
61668480,156.089722518,
61668540,155.800725678,
61668600,156.695730554,
61668660,155.194734481,
61668720,155.800725678,
61668780,531.254933667,
61668840,156.575733381,
61668900,526.209363187,
61668960,155.986733084,
61669020,531.390928217,
61669080,531.06793274,
61669140,531.381936008,
61669200,155.964724059,
61669260,156.222719666,
61669320,526.48737446,
61669380,531.020934128,
61669440,180.511841527,
61669500,180.215839519,
61669560,555.569045116,
61669620,555.234043185,
61669680,198.880839035,
61669740,189.215844303,
61669800,182.547841485,
61669860,180.105844917,
61669920,175.820278284,
61669980,180.105844917,
61670040,180.415840421,
61670100,555.326053367,
61670160,180.289848441,
61670220,180.968849775,
61670280,-12.8173727535,
61670340,827.497483499,
61670400,542.502714797,
61670460,-180.451681095,
61670520,196.133032498,
61670580,582.961649378,
61670640,440.127104268,
61670700,3.72964129584,
61670760,179.683840405,
61670820,180.895839638,
61670880,204.880950277,
61670940,203.972962266,
61671000,204.787963414,
61671060,205.014951471,
61671120,204.695953232,
61671180,203.800965195,
61671240,204.696963593,
61671300,205.012964428,
61671360,203.800965196,
61671420,200.12240012,
61671480,579.522171525,
61671540,303.327963031,
61671600,326.510183244,
61671660,-59.9598840164,
61671720,42.417750348,
61671780,855.836574958,
61671840,619.680952722,
61671900,223.955044747,
61671960,601.513724246,
61672020,225.429148386,
61672080,225.678694468,
61672140,-235.908645729,
61672200,17.8327443544,
61672260,204.40495251,
61672320,226.566759907,
61672380,226.277746227,
61672440,221.992196435,
61672500,226.277746228,
61672560,-142.074444819,
61672620,449.196564643,
61672680,161.625315727,
61672740,-65.8794625691,
61672800,369.774747346,
61672860,-126.522444517,
61672920,226.277746227,
61672980,226.567753429,
61673040,226.3427461,
61673100,247.797743037,
61673160,-76.7784508229,
61673220,349.562742456,
61673280,149.218551704,
61673340,283.743387451,
61673400,505.865566301,
61673460,-96.5301594963,
61673520,1044.39947886,
61673580,-332.384899654,
61673640,-167.775663885,
61673700,228.709757064,
61673760,207.122250268,
61673820,201.651688398,
61673880,207.122250268,
61673940,207.438251103,
61674000,414.323251594,
61674060,632.606097284,
61674120,-521.862521857,
61674180,-211.682168103,
61674240,205.904243599,
61674300,-162.028952969,
61674360,216.091243294,
61674420,-162.127959898,
61674480,206.456683955,
61674540,211.340238886,
61674600,-137.960952757,
61674660,255.47424055,
61674720,13.1430372676,
61674780,1010.57926922,
61674840,-368.649571383,
61674900,536.821776013,
61674960,325.45150626,
61675020,68.6017442955,
61675080,-230.101178466,
61675140,581.020452254,
61675200,-34.1234313713,
61675260,720.390527967,
61675320,720.679541646,
61675380,720.390527966,
61675440,359.000336812,
61675500,715.816974854,
61675560,-29.8368712172,
61675620,345.566330395,
61675680,345.277333555,
61675740,345.566330395,
61675800,345.277333555,
61675860,-29.5478743769,
61675920,340.702770082,
61675980,345.566330395,
61676040,345.277333555,
61676100,-30.438871489,
61676160,530.881335957,
61676220,1222.01395617,
61676280,1397.64143978,
61676340,1433.25056524,
61676400,1416.43932489,
61676460,1641.57109723,
61676520,1663.11037978,
61676580,720.225536064,
61676640,1526.02707436,
61676700,1521.76750136,
61676760,1151.51086209,
61676820,1526.93908066,
61676880,1146.9323077,
61676940,1528.29107905,
61677000,1354.43286796,
61677060,1811.72536492,
61677120,467.36048458,
61677180,1202.51251443,
61677240,1211.80292883,
61677300,1202.7564155,
61677360,958.909633655,
61677420,1351.16853518,
61677480,572.175539846,
61677540,1630.30926319,
61677600,1405.75665696,
61677660,1021.547737,
61677720,1442.96746711,
61677780,681.930433831,
61677840,802.198016901,
61677900,586.328449574,
61677960,771.977100021,
61678020,776.144656523,
61678080,498.516889323,
61678140,873.338089491,
61678200,873.610095432,
61678260,868.740523473,
61678320,1248.71630152,
61678380,873.314093424,
61678440,868.739529951,
61678500,873.603090265,
61678560,873.314093424,
61678620,1248.71729504,
61678680,498.199888652,
61678740,493.915315541,
61678800,498.200882174,
61678860,873.676088825,
61678920,498.376887008,
61678980,677.37289465,
61679040,982.184218654,
61679100,1158.8467684,
61679160,314.754656026,
61679220,348.975172781,
61679280,339.478382302,
61679340,339.390675051,
61679400,869.02753327,
61679460,873.313083063,
61679520,913.091061894,
61679580,536.481855855,
61679640,537.084866488,
61679700,907.913504627,
61679760,912.19907126,
61679820,537.373863328,
61679880,537.084866487,
61679940,913.092072254,
61680000,156.79409797,
61680060,537.374856849,
61680120,537.085860009,
61680180,162.26366632,
61680240,537.226855845,
61680300,537.546870759,
61680360,704.703858967,
61680420,1000.07542735,
61680480,791.397631433,
61680540,66.403431325,
61680600,811.510629393,
61680660,58.6649983183,
61680720,685.692040413,
61680780,351.258658158,
61680840,537.558860373,
61680900,537.269863533,
61680960,544.560794772,
61681020,540.275228139,
61681080,544.849791612,
61681140,544.560794772,
61681200,919.64399831,
61681260,544.682795827,
61681320,169.264590358,
61681380,540.218231166,
61681440,544.65179354,
61681500,919.893995227,
61681560,169.399591388,
61681620,544.822798142,
61681680,545.047792842,
61681740,169.423587454,
61681800,540.277232021,
61681860,368.488591847,
61681920,1415.27076906,
61681980,-332.739676909,
61682040,-306.546172845,
61682100,820.768480334,
61682160,725.035940921,
61682220,2.84638396771,
61682280,544.848798091,
61682340,168.843596206,
61682400,512.966748176,
61682460,138.744550876,
61682520,137.852543403,
61682580,512.653744744,
61682640,512.966748176,
61682700,508.681181543,
61682760,888.080952948,
61682820,894.036949316,
61682880,948.183951827,
61682940,566.888188041,
61683000,888.062951688,
61683060,908.58895774,
61683120,903.852950874,
61683180,1302.12759342,
61683240,936.345951173,
61683300,1393.98315148,
61683360,1543.21225627,
61683420,1468.39426814,
61683480,789.11138723,
61683540,411.348619078,
61683600,789.715397699,
61683660,708.554503109,
61683720,130.388341373,
61683780,883.437381839,
61683840,1212.38364637,
61683900,837.000433064,
61683960,836.984435687,
61684020,832.691863886,
61684080,851.509427487,
61684140,838.234427639,
61684200,893.931429769,
61684260,461.816673759,
61684320,462.304231355,
61684380,837.708426489,
61684440,837.620437754,
61684500,476.335232548,
61684560,957.212868044,
61684620,2057.25219695,
61684680,1753.23195582,
61684740,1733.28600416,
61684800,1509.97805139,
61684860,1996.25992675,
61684920,2927.68153228,
61684980,2620.52449162,
61685040,2004.57288503,
61685100,1504.59262539,
61685160,1962.08305421,
61685220,2333.58968858,
61685280,2365.50265305,
61685340,2734.54429568,
61685400,2360.03508858,
61685460,1989.78545448,
61685520,2360.25709956,
61685580,2057.15223723,
61685640,1819.36824042,
61685700,2372.13308872,
61685760,2360.03709246,
61685820,2364.90166314,
61685880,1984.92388121,
61685940,1614.38423991,
61686000,1985.21688582,
61686060,1990.31745886,
61686120,1239.58504877,
61686180,2442.84309003,
61686240,2188.01088418,
61686300,1306.16484893,
61686360,1475.92029581,
61686420,2292.1182412,
61686480,2464.1666554,
61686540,1325.54747771,
61686600,824.045051491,
61686660,1623.72325439,
61686720,1692.15216223,
61686780,1329.86638984,
61686840,1326.75495841,
61686900,1332.85894736,
61686960,1289.27938783,
61687020,1312.83694922,
61687080,1738.58655242,
61687140,693.496533885,
61687200,1027.10174462,
61687260,1418.43638577,
61687320,1347.41694848,
61687380,967.586750408,
61687440,1713.3675904,
61687500,1341.28694274,
61687560,976.865743147,
61687620,1499.7043786,
61687680,1753.53877339,
61687740,1098.56876701,
61687800,703.924293638,
61687860,1197.64585122,
61687920,1209.46353272,
61687980,1472.09399013,
61688040,744.839119797,
61688100,927.490747917,
61688160,932.731248932,
61688220,809.204486154,
61688280,1307.5674519,
61688340,1305.18246494,
61688400,929.779246487,
61688460,925.493696694,
61688520,929.779246487,
61688580,930.068260167,
61688640,1008.22525977,
61688700,760.020480671,
61688760,1194.93902318,
61688820,1411.34323834,
61688880,1001.07162617,
61688940,267.129315791,
61689000,897.408036507,
61689060,1470.74301118,
61689120,1033.66704274,
61689180,346.815984168,
61689240,1204.78894736,
61689300,1191.34432623,
61689360,839.789665677,
61689420,1148.53743124,
61689480,875.816197864,
61689540,371.834839144,
61689600,899.309249085,
61689660,1009.7072545,
61689720,821.614262178,
61689780,556.454042967,
61689840,1110.20359166,
61689900,1150.75664134,
61689960,411.454221939,
61690020,759.076360379,
61690080,362.941038004,
61690140,555.730252377,
61690200,939.411465538,
61690260,908.091466654,
61690320,503.08669855,
61690380,869.666466054,
61690440,1047.81245092,
61690500,1257.95944515,
61690560,1781.11300769,
61690620,1219.80413671,
61690680,822.142415511,
61690740,1569.73220455,
61690800,716.215374092,
61690860,926.374269625,
61690920,935.843269114,
61690980,555.837257995,
61691040,733.070725448,
61691100,649.092079465,
61691160,636.109308804,
61691220,550.659298307,
61691280,1019.86860503,
61691340,721.251402477,
61691400,702.663426126,
61691460,689.352079222,
61691520,176.33510299,
61691580,467.740742729,
61691640,113.371095172,
61691700,460.648300678,
61691760,471.582295825,
61691820,491.136292781,
61691880,500.879302093,
61691940,694.606731239,
61692000,915.898340458,
61692060,1001.95288383,
61692120,1393.86261311,
61692180,2135.9643551,
61692240,1299.27197073,
61692300,1795.63990875,
61692360,1209.0191414,
61692420,1716.41169923,
61692480,904.731807871,
61692540,1288.87745581,
61692600,1344.77902298,
61692660,1002.38461477,
61692720,631.686597953,
61692780,1299.99801368,
61692840,917.657259081,
61692900,1278.87401302,
61692960,903.359812759,
61693020,897.950259835,
61693080,1278.61102244,
61693140,1278.89201428,
61693200,527.802604811,
61693260,898.658246945,
61693320,528.407619325,
61693380,903.838818454,
61693440,1078.41282039,
61693500,1411.57212096,
61693560,1565.93561843,
61693620,1078.93786266,
61693680,1451.14726146,
61693740,350.317406126,
61693800,1278.34602167,
61693860,903.521824097,
61693920,898.372200818,
61693980,894.086651025,
61694040,523.257996046,
61694100,898.661214498,
61694160,898.369203414,
61694220,523.638007441,
61694280,988.700649953,
61694340,1381.10121199,
61694400,26.5555924631,
61694460,614.33900776,
61694520,835.989451546,
61694580,858.745018079,
61694640,1138.67902385,
61694700,266.559800328,
61694760,650.514004532,
61694820,1199.0476166,
61694880,1597.81098821,
61694940,1513.98157474,
61695000,802.026693405,
61695060,1164.27097404,
61695120,396.314805417,
61695180,713.605565702,
61695240,308.19379792,
61695300,436.810782443,
61695360,909.918743982,
61695420,906.843189539,
61695480,910.522748136,
61695540,910.452755398,
61695600,624.810546078,
61695660,1061.70712636,
61695720,532.641473594,
61695780,787.245918011,
61695840,388.982648718,
61695900,758.116915784,
61695960,732.22086574,
61696020,371.220108083,
61696080,723.305329704,
61696140,723.955362103,
61696200,724.368347041,
61696260,720.490296387,
61696320,797.106319097,
61696380,875.044736948,
61696440,413.75053607,
61696500,795.800214174,
61696560,363.825515206,
61696620,269.372333002,
61696680,535.408543364,
61696740,906.237181503,
61696800,562.14198036,
61696860,937.545181973,
61696920,562.142973881,
61696980,562.423972033,
61697040,562.142973881,
61697100,557.851412442,
61697160,562.130984267,
61697220,562.140986839,
61697280,187.444783024,
61697340,562.133981671,
61697400,264.375779369,
61697460,1116.00953918,
61697520,380.966147988,
61697580,844.135388892,
61697640,455.428946552,
61697700,952.074984149,
61697760,509.810190042,
61697820,55.4977266179,
61697880,668.239632335,
61697940,314.099980762,
61698000,923.564176795,
61698060,186.714772156,
61698120,937.863186689,
61698180,187.31877631,
61698240,564.255354333,
61698300,944.838117094,
61698360,194.925708384,
61698420,569.723912322,
61698480,193.716706555,
61698540,570.329903518,
61698600,568.830911327,
61698660,564.860352008,
61698720,569.723912322,
61698780,569.435909002,
61698840,569.724905843,
61698900,569.436902524,
61698960,569.746914867,
61699020,564.873351983,
61699080,569.83991857,
61699140,569.613917719,
61699200,569.883902939,
61699260,659.874903846,
61699320,754.92922776,
61699380,753.274307444,
61699440,-106.859490683,
61699500,569.811914739,
61699560,569.519903656,
61699620,194.611711431,
61699680,577.01387989,
61699740,206.76325227,
61699800,581.589453724,
61699860,206.474238591,
61699920,761.991662695,
61699980,-880.529293441,
61700040,489.79200982,
61700100,619.928536009,
61700160,1182.5332975,
61700220,205.872238319,
61700280,582.485452122,
61700340,195.506251121,
61700400,664.019662607,
61700460,265.165439652,
61700520,278.064452708,
61700580,261.929900907,
61700640,43.7158627596,
61700700,285.515113236,
61700760,191.995526881,
61700820,602.479101957,
61700880,255.308948378,
61700940,459.492894656,
61701000,558.378456197,
61701060,641.54067562,
61701120,292.860043311,
61701180,294.163021316,
61701240,300.807035435,
61701300,511.233466349,
61701360,519.091036958,
61701420,20.9734810525,
61701480,348.376617855,
61701540,-30.6001660406,
61701600,754.491838008,
61701660,267.285682218,
61701720,294.149240662,
61701780,295.861212679,
61701840,307.150208584,
61701900,335.972242181,
61701960,442.124678615,
61702020,1050.33734976,
61702080,-32.4043853504,
61702140,689.399830406,
61702200,-40.5493913327,
61702260,470.779541591,
61702320,449.058616728,
61702380,248.794249552,
61702440,265.176818595,
61702500,390.042605994,
61702560,265.068360583,
61702620,231.073355956,
61702680,605.898563887,
61702740,230.784359115,
61702800,525.187561871,
61702860,29.5534603292,
61702920,597.645446078,
61702980,124.242240547,
61703040,518.614008163,
61703100,230.181365322,
61703160,231.680357513,
61703220,230.786362998,
61703280,231.075359838,
61703340,230.181365322,
61703400,605.90056777,
61703460,231.681367874,
61703520,231.075359838,
61703580,229.182358546,
61703640,601.326004297,
61703700,231.075359837,
61703760,606.506558967,
61703820,230.471355684,
61703880,230.914363069,
61703940,231.075359837,
61704000,283.535001034,
61704060,282.073000675,
61704120,322.993806673,
61704180,336.239787066,
61704240,268.208014375,
61704300,451.540999552,
61704360,170.858598064,
61704420,-10.5122011268,
61704480,235.751006071,
61704540,235.462009231,
61704600,235.751006071,
61704660,606.00165053,
61704720,235.751006071,
61704780,610.576214003,
61704840,235.462009231,
61704900,610.865210843,
61704960,235.462009231,
61705020,263.848004826,
61705080,331.532802812,
61705140,718.528007505,
61705200,330.833801597,
61705260,-113.12019921,
61705320,606.002644052,
61705380,235.751999593,
61705440,250.044865231,
61705500,250.333862071,
61705560,250.044865231,
61705620,250.044865231,
61705680,648.198068354,
61705740,-50.2543353056,
61705800,710.21388398,
61705860,-93.8473372254,
61705920,-124.800331004,
61705980,249.440861077,
61706040,250.333862071,
61706100,250.649862906,
61706160,237.33386241,
61706220,-135.673342463,
61706280,579.584506953,
61706340,250.938859746,
61706400,-92.7553435855,
61706460,877.642827611,
61706520,130.871434575,
61706580,442.144617389,
61706640,48.1824367771,
61706700,-87.7203415181,
61706760,250.044865231,
61706820,250.333862071,
61706880,267.058026031,
61706940,267.347022871,
61707000,267.058026031,
61707060,267.05802603,
61707120,267.342021586,
61707180,267.054018267,
61707240,267.350020274,
61707300,-108.078187766,
61707360,267.347022871,
61707420,262.483462558,
61707480,267.347022871,
61707540,267.058026031,
61707600,267.340017703,
61707660,-108.056178742,
61707720,267.095022072,
61707780,236.537024601,
61707840,618.108870225,
61707900,-599.541138964,
61707960,253.597825769,
61708020,401.9268096,
61708080,532.809181819,
61708140,1068.53992539,
61708200,-143.27602779,
61708260,91.599806677,
61708320,287.393515943,
61708380,286.500531788,
61708440,-88.3246761442,
61708500,286.500531788,
61708560,286.786531224,
61708620,286.500531788,
61708680,286.789528628,
61708740,-89.2186874991,
61708800,286.789528628,
61708860,-88.0096856699,
61708920,286.789528628,
61708980,-89.2156732563,
61709040,281.985966901,
61709100,286.963529581,
61709160,286.686522354,
61709220,-88.1386855778,
61709280,339.225518964,
61709340,497.687704014,
61709400,166.113061118,
61709460,201.239308071,
61709520,537.687699084,
61709580,1109.72299774,
61709640,-299.533873352,
61709700,286.882515492,
61709760,-56.2202626772,
61709820,319.185936339,
61709880,318.86294086,
61709940,-56.2872664313,
61710000,314.500367903,
61710060,318.785934536,
61710120,-56.0392733963,
61710180,222.785935422,
61710240,-707.810780303,
61710300,510.359020804,
61710360,-167.105959422,
61710420,588.131335355,
61710480,-78.3392686692,
61710540,-1.48927167887,
61710600,2.24073166289,
61710660,373.977932075,
61710720,-23.7672705573,
61710780,293.147755663,
61710840,340.027504914,
61710900,771.133761349,
61710960,304.382798307,
61711020,436.418935093,
61711080,-56.7522617916,
61711140,319.867940339,
61711200,-61.4482562688,
61711260,313.061944349,
61711320,313.954945344,
61711380,-60.5892518074,
61711440,-94.4452644807,
61711500,-98.8646888205,
61711560,-173.536217245,
61711620,295.7079531,
61711680,-14.9002523956,
61711740,365.285942066,
61711800,-8.3622587929,
61711860,-17.5432507534,
61711920,340.821956235,
61711980,81.5217407057,
61712040,-24.4352642225,
61712100,199.952962248,
61712160,-282.436586416,
61712220,956.021424081,
61712280,299.610108299,
61712340,282.574130186,
61712400,404.462567578,
61712460,407.188396207,
61712520,-61.4482562688,
61712580,313.666942025,
